assignment_id,order_id,driver_id,assigned_time,delivered_time,delivery_status
1,1,4,2025-02-21 05:11:53,2025-02-27 19:56:28,On the Way
2,2,2,2025-06-20 07:38:24,2025-07-12 05:28:01,Failed
3,3,3,2025-05-07 04:44:45,2025-04-11 13:57:09,Failed
4,4,1,2025-03-10 00:58:55,2025-01-15 22:58:53,Failed
5,5,2,2025-05-04 22:28:03,2025-08-10 06:31:01,Picked Up
6,6,5,2025-01-19 05:50:50,2025-06-05 18:35:58,Delivered
7,7,1,2025-05-18 02:09:38,2025-04-04 11:24:16,Picked Up
8,8,1,2025-03-23 10:28:19,2025-01-14 17:05:53,Failed
9,9,4,2025-01-28 19:48:28,2025-06-27 13:10:03,Picked Up
10,10,3,2025-02-08 23:18:50,2025-01-03 04:47:29,Failed
11,11,1,2025-03-04 08:55:35,2025-04-27 13:57:48,On the Way
12,12,3,2025-05-26 21:42:02,2025-02-22 11:10:19,Failed
13,13,3,2025-05-11 05:47:25,2025-07-10 04:01:51,Failed
14,14,4,2025-08-06 02:25:13,2025-01-15 04:07:11,Picked Up
15,15,3,2025-03-27 07:04:23,2025-08-02 22:32:22,On the Way
16,1,26,2025-05-27 15:17:11,2025-08-07 01:31:57,Failed
17,2,28,2025-04-10 21:12:03,2025-02-09 13:41:45,On the Way
18,3,12,2025-06-06 12:30:18,2025-05-31 12:54:29,Picked Up
19,4,25,2025-07-29 07:26:03,2025-05-11 15:02:36,Delivered
20,5,17,2025-05-20 23:03:39,2025-05-30 02:14:48,On the Way
21,6,3,2025-04-10 20:53:50,2025-07-18 13:27:53,Assigned
22,7,14,2025-03-06 00:07:06,2025-04-10 11:46:57,Picked Up
23,8,3,2025-01-30 04:17:57,2025-04-13 18:06:47,On the Way
24,9,27,2025-02-24 23:38:36,2025-06-30 05:06:07,Assigned
25,10,1,2025-03-28 04:07:08,2025-05-07 18:15:38,Picked Up
26,11,4,2025-02-14 00:04:55,2025-06-12 00:12:44,Failed
27,12,19,2025-01-20 00:00:40,2025-07-30 18:27:42,Assigned
28,13,25,2025-04-15 00:26:00,2025-01-12 09:41:58,On the Way
29,14,16,2025-06-03 10:18:33,2025-07-31 15:19:51,Assigned
30,15,11,2025-07-06 20:48:51,2025-07-17 04:46:16,On the Way
31,16,30,2025-04-22 00:35:42,2025-07-24 04:02:29,On the Way
32,17,13,2025-05-16 03:39:41,2025-05-13 08:24:33,Assigned
33,18,12,2025-07-26 13:51:23,2025-03-04 23:36:58,Assigned
34,19,30,2025-01-12 06:02:56,2025-06-30 03:07:43,Picked Up
35,20,14,2025-01-08 21:21:47,2025-04-04 11:06:45,On the Way
36,21,24,2025-07-26 11:59:10,2025-07-09 18:01:03,Failed
37,22,5,2025-04-29 23:56:57,2025-04-29 05:30:38,On the Way
38,23,5,2025-07-09 04:01:08,2025-02-16 09:56:34,Picked Up
39,24,19,2025-02-24 22:26:53,2025-03-25 11:07:54,On the Way
40,25,27,2025-02-19 11:11:06,2025-08-09 21:48:30,On the Way
41,26,25,2025-08-02 23:23:44,2025-03-03 17:33:37,Picked Up
42,27,1,2025-08-10 19:00:19,2025-01-07 01:33:48,Assigned
43,28,5,2025-07-01 00:32:00,2025-02-27 00:02:46,Assigned
44,29,28,2025-01-19 06:51:55,2025-01-11 04:23:06,Failed
45,30,3,2025-07-28 03:36:04,2025-01-07 00:49:45,Picked Up
46,31,28,2025-04-11 20:33:52,2025-02-07 04:18:16,Failed
47,32,18,2025-05-14 21:05:02,2025-04-10 22:28:32,Picked Up
48,33,25,2025-03-18 03:19:20,2025-02-28 07:08:08,On the Way
49,34,14,2025-01-19 02:08:24,2025-02-12 17:21:41,Failed
50,35,27,2025-05-10 04:28:15,2025-04-24 19:17:46,On the Way
51,36,25,2025-04-20 19:07:48,2025-04-08 19:59:06,Delivered
52,37,3,2025-05-03 23:50:40,2025-01-20 19:04:04,On the Way
53,38,26,2025-03-22 22:38:47,2025-07-12 01:34:53,Delivered
54,39,23,2025-04-22 03:48:06,2025-02-18 15:01:17,Failed
55,40,5,2025-03-24 19:34:58,2025-08-04 07:20:03,On the Way
56,41,12,2025-07-29 03:12:16,2025-06-28 10:29:49,Delivered
57,42,1,2025-03-09 11:50:15,2025-05-13 16:23:34,Picked Up
58,43,13,2025-01-18 05:05:00,2025-06-16 02:33:55,On the Way
59,44,15,2025-05-12 11:52:07,2025-07-01 14:58:47,Delivered
60,45,1,2025-01-13 21:02:56,2025-03-30 03:53:39,On the Way
61,46,2,2025-07-16 09:58:09,2025-04-19 14:02:25,Failed
62,47,19,2025-01-12 05:41:20,2025-06-05 23:22:36,On the Way
63,48,23,2025-04-17 15:52:01,2025-04-23 15:28:42,Delivered
64,49,14,2025-03-29 00:13:36,2025-05-09 09:41:58,Delivered
65,50,21,2025-02-20 00:02:41,2025-02-08 01:22:59,Failed
66,51,4,2025-08-05 06:24:13,2025-07-25 10:08:35,Delivered
67,52,21,2025-08-08 14:27:58,2025-08-11 15:23:52,On the Way
68,53,4,2025-02-24 16:57:07,2025-01-19 03:54:21,Assigned
69,54,4,2025-07-06 23:23:11,2025-07-23 23:19:50,Picked Up
70,55,1,2025-06-04 10:23:58,2025-06-27 13:28:56,On the Way
71,56,11,2025-01-29 09:37:44,2025-05-22 18:29:48,Failed
72,57,28,2025-04-17 15:06:04,2025-06-16 07:20:35,Failed
73,58,24,2025-07-07 17:05:53,2025-07-22 04:35:23,Failed
74,59,23,2025-04-24 04:31:33,2025-08-12 21:48:37,Delivered
75,60,11,2025-05-29 06:24:43,2025-01-27 11:36:14,Delivered
76,61,28,2025-03-16 10:55:45,2025-06-10 04:54:06,Delivered
77,62,23,2025-06-11 02:19:10,2025-05-05 13:54:13,Delivered
78,63,11,2025-07-11 02:13:33,2025-07-13 01:09:37,Picked Up
79,64,3,2025-08-03 20:09:41,2025-01-25 12:30:17,Delivered
80,65,25,2025-02-02 12:29:07,2025-07-31 02:30:42,On the Way
81,66,14,2025-05-20 17:06:35,2025-08-12 02:03:08,On the Way
82,67,20,2025-01-25 06:01:29,2025-05-13 05:11:43,Assigned
83,68,22,2025-06-02 14:33:30,2025-04-25 08:52:46,Picked Up
84,69,25,2025-01-12 11:10:29,2025-04-25 07:56:27,On the Way
85,70,1,2025-03-20 09:16:24,2025-05-18 18:42:10,Delivered
86,71,3,2025-02-10 06:19:00,2025-01-30 04:09:32,Assigned
87,72,5,2025-05-04 01:30:53,2025-01-01 06:24:10,Assigned
88,73,16,2025-01-29 03:44:13,2025-02-12 06:46:56,Picked Up
89,74,12,2025-02-23 14:30:10,2025-03-18 11:09:37,Delivered
90,75,20,2025-03-02 14:45:44,2025-01-22 01:58:43,Delivered
91,76,5,2025-04-04 17:03:39,2025-06-05 13:49:55,Picked Up
92,77,23,2025-08-10 10:35:59,2025-03-22 06:26:42,Assigned
93,78,22,2025-08-15 23:17:34,2025-01-18 23:46:23,Failed
94,79,21,2025-03-03 14:08:31,2025-01-30 06:25:43,Failed
95,80,3,2025-07-27 02:26:56,2025-07-06 15:07:41,Delivered
96,81,21,2025-02-20 15:26:10,2025-03-08 08:43:57,Failed
97,82,14,2025-07-26 11:20:28,2025-06-03 12:00:39,Picked Up
98,83,4,2025-05-10 11:37:46,2025-07-05 00:44:17,Delivered
99,84,26,2025-03-19 21:43:16,2025-08-03 01:22:23,Failed
100,85,25,2025-01-23 19:03:35,2025-08-01 07:46:29,Assigned
101,86,5,2025-05-09 14:58:19,2025-04-10 18:17:39,Failed
102,87,3,2025-01-29 09:52:49,2025-05-08 22:02:13,Failed
103,88,5,2025-07-04 06:45:25,2025-06-17 16:19:28,Picked Up
104,89,21,2025-07-10 22:49:27,2025-02-04 17:57:05,Picked Up
105,90,16,2025-03-30 19:50:31,2025-03-28 01:09:20,Picked Up
106,91,23,2025-04-11 23:09:52,2025-06-07 16:08:36,Failed
107,92,26,2025-01-04 23:37:58,2025-04-06 12:28:28,Delivered
108,93,24,2025-02-17 17:33:11,2025-04-11 22:50:28,Picked Up
109,94,18,2025-03-17 02:55:56,2025-04-21 14:03:18,Assigned
110,95,4,2025-07-01 04:39:42,2025-07-15 00:02:29,On the Way
111,96,18,2025-02-22 18:21:40,2025-02-18 03:34:36,Delivered
112,97,2,2025-07-09 21:07:34,2025-01-26 13:55:48,Delivered
113,98,24,2025-06-29 03:52:24,2025-07-02 10:03:35,On the Way
114,99,18,2025-06-07 02:16:56,2025-03-22 03:26:14,Picked Up
115,100,18,2025-07-27 06:35:50,2025-03-20 09:02:19,Delivered
116,101,29,2025-03-07 23:19:44,2025-02-26 19:43:00,Delivered
117,102,4,2025-01-16 11:04:52,2025-07-17 13:32:18,On the Way
118,103,26,2025-08-09 23:41:32,2025-07-06 12:19:56,On the Way
119,104,24,2025-03-17 13:23:09,2025-08-13 11:27:02,Failed
120,105,25,2025-03-25 14:47:52,2025-02-01 21:31:40,Failed
121,106,22,2025-03-05 02:34:27,2025-02-16 11:32:53,On the Way
122,107,29,2025-07-30 06:00:40,2025-03-10 05:57:25,Assigned
123,108,18,2025-03-20 16:21:32,2025-07-28 12:19:16,Assigned
124,109,1,2025-05-14 09:11:22,2025-05-05 07:09:02,Assigned
125,110,19,2025-03-25 00:50:41,2025-04-29 23:29:35,Failed
126,111,11,2025-01-01 07:10:26,2025-01-14 16:25:56,Assigned
127,112,15,2025-06-24 20:24:02,2025-01-17 06:38:25,Assigned
128,113,1,2025-05-27 08:23:55,2025-01-03 08:19:15,Assigned
129,114,25,2025-02-08 01:07:33,2025-08-13 13:42:59,On the Way
130,115,23,2025-01-23 10:47:39,2025-07-17 10:59:35,Picked Up
131,116,25,2025-02-13 08:05:11,2025-06-24 14:05:27,Assigned
132,117,14,2025-07-18 11:24:15,2025-02-05 05:15:04,On the Way
133,118,27,2025-01-17 11:45:07,2025-06-18 11:53:18,Assigned
134,119,15,2025-07-12 13:09:30,2025-07-07 20:51:13,Picked Up
135,120,14,2025-03-17 01:04:43,2025-08-08 08:02:43,Failed
136,121,22,2025-06-22 01:39:38,2025-04-07 13:26:46,On the Way
137,122,29,2025-04-25 02:08:00,2025-06-23 03:29:23,Picked Up
138,123,17,2025-04-15 03:58:18,2025-04-19 08:51:10,On the Way
139,124,14,2025-01-19 17:55:22,2025-04-23 23:42:32,Delivered
140,125,20,2025-06-08 15:25:04,2025-01-03 20:45:14,Failed
141,126,27,2025-06-08 03:31:23,2025-04-05 15:00:16,Assigned
142,127,29,2025-04-07 22:23:37,2025-03-01 03:58:03,On the Way
143,128,16,2025-02-11 09:44:07,2025-02-13 22:03:00,Assigned
144,129,24,2025-07-22 03:36:21,2025-02-25 03:08:14,Assigned
145,130,30,2025-05-12 22:31:09,2025-04-18 12:34:47,Picked Up
146,131,21,2025-03-11 15:34:48,2025-01-10 08:03:34,On the Way
147,132,27,2025-05-24 16:11:46,2025-05-04 08:35:12,Assigned
148,133,3,2025-07-14 10:39:30,2025-02-22 12:27:29,Assigned
149,134,30,2025-03-02 12:11:42,2025-07-17 17:14:39,Picked Up
150,135,11,2025-04-13 02:13:52,2025-05-06 13:51:14,Assigned
151,136,14,2025-04-21 17:40:42,2025-06-30 16:09:51,On the Way
152,137,17,2025-05-21 04:12:31,2025-05-17 01:48:12,On the Way
153,138,24,2025-02-09 10:24:49,2025-07-11 12:37:51,Picked Up
154,139,19,2025-02-15 00:31:28,2025-07-16 20:48:10,Assigned
155,140,25,2025-06-20 10:06:38,2025-07-24 09:09:09,Picked Up
156,141,24,2025-08-06 07:58:14,2025-03-02 15:21:28,On the Way
157,142,1,2025-04-28 23:28:38,2025-07-21 16:58:36,Picked Up
158,143,27,2025-01-09 08:03:46,2025-05-19 12:15:31,On the Way
159,144,26,2025-06-17 11:38:33,2025-03-12 03:16:25,Picked Up
160,145,28,2025-08-12 15:40:01,2025-01-18 08:18:19,Picked Up
161,146,22,2025-03-20 07:46:44,2025-02-16 13:14:56,Picked Up
162,147,18,2025-02-04 18:33:36,2025-05-02 16:21:42,Assigned
163,148,17,2025-03-20 20:28:19,2025-01-14 20:51:12,Picked Up
164,149,2,2025-02-24 16:18:52,2025-04-08 19:01:39,Failed
165,150,22,2025-05-28 17:00:42,2025-05-24 02:57:54,Assigned
166,151,5,2025-03-23 03:12:15,2025-07-08 12:28:53,On the Way
167,152,17,2025-06-16 14:26:06,2025-04-02 12:38:02,Delivered
168,153,2,2025-02-23 07:36:24,2025-04-03 05:23:06,Delivered
169,154,29,2025-07-08 18:07:17,2025-04-28 12:52:21,Delivered
170,155,19,2025-07-04 09:50:23,2025-03-26 10:41:11,Delivered
171,156,15,2025-08-13 22:07:11,2025-07-12 14:42:03,Assigned
172,157,25,2025-03-09 14:11:21,2025-08-08 05:19:45,On the Way
173,158,11,2025-06-17 09:00:03,2025-06-18 18:43:05,Delivered
174,159,25,2025-02-11 11:25:46,2025-08-04 08:38:34,On the Way
175,160,23,2025-06-04 08:29:47,2025-02-03 22:07:04,Picked Up
176,161,14,2025-07-29 14:15:50,2025-04-29 02:27:03,Delivered
177,162,29,2025-01-05 16:57:25,2025-01-14 16:15:40,Picked Up
178,163,26,2025-02-10 19:28:24,2025-02-08 05:31:36,Failed
179,164,25,2025-01-08 08:26:21,2025-03-12 12:47:02,Failed
180,165,23,2025-05-05 11:30:56,2025-06-14 00:03:44,Failed
181,166,22,2025-02-01 18:49:00,2025-03-15 03:47:45,Failed
182,167,25,2025-03-15 18:22:57,2025-07-31 13:35:53,On the Way
183,168,19,2025-06-01 13:32:14,2025-06-07 18:40:03,On the Way
184,169,23,2025-04-30 15:14:18,2025-04-21 00:06:17,Picked Up
185,170,12,2025-06-30 03:14:02,2025-04-10 13:51:38,Failed
186,171,15,2025-03-03 16:28:38,2025-08-03 15:02:14,Delivered
187,172,15,2025-04-29 08:50:24,2025-02-03 09:43:28,Delivered
188,173,23,2025-06-09 04:20:56,2025-02-05 08:08:54,Delivered
189,174,5,2025-07-24 11:15:05,2025-07-13 05:01:08,Picked Up
190,175,16,2025-06-10 18:08:41,2025-06-20 15:03:23,Delivered
191,176,4,2025-01-31 22:30:16,2025-07-04 18:59:48,Failed
192,177,21,2025-07-09 06:52:44,2025-03-19 00:06:43,Delivered
193,178,23,2025-07-18 13:30:52,2025-01-09 00:22:29,Picked Up
194,179,29,2025-01-13 01:55:41,2025-04-10 23:21:15,Failed
195,180,19,2025-04-02 20:00:32,2025-05-29 07:10:15,Assigned
196,181,23,2025-04-05 17:05:26,2025-08-09 18:32:09,On the Way
197,182,5,2025-03-19 08:40:43,2025-04-16 21:20:14,On the Way
198,183,29,2025-01-08 11:15:30,2025-04-09 21:52:41,Delivered
199,184,23,2025-04-03 08:43:27,2025-02-08 23:46:15,Failed
200,185,24,2025-07-18 21:18:17,2025-07-15 19:41:37,Picked Up
201,186,12,2025-07-22 09:48:43,2025-03-08 12:51:38,On the Way
202,187,21,2025-06-28 17:18:46,2025-04-19 16:14:25,Assigned
203,188,5,2025-05-14 01:47:57,2025-05-13 20:08:21,Failed
204,189,28,2025-04-02 19:04:15,2025-05-14 02:02:20,Failed
205,190,14,2025-04-28 16:31:42,2025-05-02 23:25:50,Assigned
206,191,2,2025-06-24 05:20:54,2025-08-08 04:22:37,Delivered
207,192,5,2025-02-26 01:13:20,2025-03-21 17:12:34,On the Way
208,193,2,2025-03-12 18:15:28,2025-08-15 09:33:52,On the Way
209,194,21,2025-03-30 05:13:27,2025-07-31 22:58:08,Assigned
210,195,3,2025-04-15 05:40:59,2025-02-05 07:21:14,Failed
211,196,29,2025-07-09 11:50:44,2025-03-10 19:55:10,On the Way
212,197,16,2025-05-16 01:17:06,2025-07-10 04:33:17,Failed
213,198,4,2025-02-14 17:54:16,2025-01-28 19:48:02,Assigned
214,199,15,2025-04-08 23:42:40,2025-07-21 11:38:16,On the Way
215,200,18,2025-01-15 11:39:07,2025-08-13 07:11:43,Failed
216,201,5,2025-02-04 23:40:48,2025-03-01 01:48:18,On the Way
217,202,23,2025-01-20 16:38:08,2025-05-11 20:12:34,Picked Up
218,203,3,2025-05-10 06:09:34,2025-01-11 10:56:25,Assigned
219,204,24,2025-01-30 13:09:51,2025-03-12 14:59:01,Picked Up
220,205,3,2025-03-25 22:47:15,2025-08-06 20:59:19,Delivered
221,206,22,2025-06-16 07:23:35,2025-01-11 12:38:00,Failed
222,207,29,2025-06-09 05:25:47,2025-07-13 19:04:34,Failed
223,208,14,2025-05-05 01:18:12,2025-04-22 23:15:16,Failed
224,209,13,2025-04-17 11:20:19,2025-03-18 13:11:10,Assigned
225,210,18,2025-05-20 18:04:31,2025-04-22 13:03:37,Failed
226,211,26,2025-08-01 00:37:04,2025-07-08 19:18:07,Picked Up
227,212,17,2025-01-12 22:31:25,2025-07-23 23:50:35,Delivered
228,213,3,2025-03-20 23:40:30,2025-03-15 08:37:26,Picked Up
229,214,18,2025-06-19 20:15:49,2025-04-19 02:37:07,Failed
230,215,21,2025-05-14 22:12:18,2025-03-01 14:51:29,Assigned
231,216,22,2025-05-11 23:42:47,2025-06-23 19:31:54,Assigned
232,217,14,2025-06-28 08:27:42,2025-01-18 15:28:22,Assigned
233,218,28,2025-07-31 19:32:04,2025-07-24 15:34:17,Delivered
234,219,20,2025-07-14 15:38:52,2025-03-28 11:20:12,On the Way
235,220,30,2025-03-12 11:17:16,2025-08-04 13:10:00,Picked Up
236,221,24,2025-06-20 09:31:33,2025-03-21 12:00:29,Picked Up
237,222,30,2025-02-18 13:57:51,2025-07-22 11:12:03,Failed
238,223,4,2025-05-19 13:10:50,2025-02-27 18:04:19,Assigned
239,224,18,2025-05-19 07:27:54,2025-02-02 18:38:36,Assigned
240,225,13,2025-03-18 01:49:36,2025-05-15 06:43:30,Failed
241,226,15,2025-05-31 07:14:36,2025-05-10 23:41:23,Assigned
242,227,21,2025-02-17 10:09:50,2025-03-21 11:20:01,On the Way
243,228,14,2025-06-11 13:47:53,2025-04-02 14:53:03,Picked Up
244,229,17,2025-05-25 13:22:48,2025-04-15 02:15:09,Delivered
245,230,28,2025-03-10 15:05:11,2025-07-04 00:59:05,Assigned
246,231,12,2025-03-28 18:54:21,2025-03-31 17:51:08,On the Way
247,232,15,2025-03-25 10:19:25,2025-07-20 17:40:34,On the Way
248,233,25,2025-02-21 02:30:40,2025-05-13 13:31:15,On the Way
249,234,30,2025-07-29 11:33:56,2025-02-08 18:07:46,Picked Up
250,235,3,2025-07-31 22:13:34,2025-02-10 15:35:32,Delivered
251,236,23,2025-02-18 10:00:18,2025-06-24 23:02:53,On the Way
252,237,1,2025-03-22 05:56:35,2025-08-16 07:44:36,On the Way
253,238,14,2025-01-28 05:57:28,2025-05-21 10:16:50,Picked Up
254,239,16,2025-02-26 14:33:23,2025-01-02 00:08:37,Picked Up
255,240,25,2025-01-26 03:37:37,2025-02-20 03:21:24,On the Way
256,241,14,2025-01-24 09:31:18,2025-06-24 17:09:34,Assigned
257,242,16,2025-08-05 05:36:03,2025-04-21 22:37:03,Picked Up
258,243,21,2025-08-14 06:30:45,2025-04-18 21:37:32,Failed
259,244,17,2025-03-19 17:24:00,2025-04-27 14:20:37,Picked Up
260,245,15,2025-02-28 07:58:56,2025-02-27 07:54:42,On the Way
261,246,25,2025-01-12 01:42:27,2025-03-29 05:39:00,Delivered
262,247,23,2025-08-03 13:41:10,2025-03-08 12:06:28,Assigned
263,248,5,2025-03-27 23:14:52,2025-05-13 17:39:17,Picked Up
264,249,4,2025-06-03 03:49:41,2025-03-06 00:44:00,On the Way
265,250,21,2025-07-18 21:22:43,2025-02-27 18:06:06,Picked Up
266,251,18,2025-02-13 02:12:29,2025-06-06 07:39:24,Picked Up
267,252,19,2025-06-07 21:57:46,2025-01-22 15:39:51,On the Way
268,253,13,2025-03-22 16:46:09,2025-08-10 14:50:28,On the Way
269,254,2,2025-02-17 20:59:13,2025-07-24 04:55:00,On the Way
270,255,22,2025-01-06 21:04:17,2025-01-14 09:03:14,Assigned
271,256,2,2025-06-10 02:49:54,2025-02-20 11:33:43,Assigned
272,257,23,2025-01-30 04:15:31,2025-07-26 22:19:31,Picked Up
273,258,1,2025-05-09 20:08:39,2025-01-20 05:44:53,Failed
274,259,24,2025-07-15 02:04:27,2025-04-05 05:05:59,Failed
275,260,1,2025-06-25 02:21:23,2025-07-28 08:41:49,Failed
276,261,2,2025-01-18 00:52:02,2025-01-26 09:08:36,Picked Up
277,262,23,2025-06-13 02:44:33,2025-02-18 21:03:48,On the Way
278,263,23,2025-01-08 05:25:57,2025-08-05 04:37:27,Delivered
279,264,16,2025-05-20 09:07:37,2025-01-02 02:47:33,On the Way
280,265,17,2025-08-15 23:40:46,2025-06-19 02:12:59,Picked Up
281,266,24,2025-01-02 07:51:34,2025-03-02 08:11:49,Assigned
282,267,27,2025-06-17 12:21:12,2025-05-07 06:45:54,On the Way
283,268,30,2025-01-09 21:31:26,2025-06-30 09:46:44,Delivered
284,269,5,2025-01-23 05:35:14,2025-03-14 04:29:03,On the Way
285,270,20,2025-03-25 05:03:32,2025-07-16 15:01:30,Failed
286,271,11,2025-03-13 06:18:31,2025-06-18 14:12:23,Failed
287,272,19,2025-07-30 10:09:30,2025-01-23 20:28:41,Failed
288,273,25,2025-01-25 15:02:52,2025-04-20 09:24:19,Assigned
289,274,16,2025-05-20 02:07:18,2025-05-08 00:33:22,Failed
290,275,24,2025-03-02 08:04:28,2025-03-06 05:00:09,On the Way
291,276,4,2025-07-13 02:10:21,2025-08-01 17:55:35,Delivered
292,277,19,2025-02-21 14:06:28,2025-01-17 04:22:22,Picked Up
293,278,2,2025-06-10 11:05:54,2025-06-07 00:14:29,Failed
294,279,25,2025-08-12 20:37:38,2025-05-11 17:22:16,Assigned
295,280,28,2025-02-23 11:37:18,2025-02-02 18:24:24,On the Way
296,281,26,2025-07-14 18:49:49,2025-01-12 11:48:14,Failed
297,282,4,2025-08-01 12:28:35,2025-07-31 07:39:46,Assigned
298,283,12,2025-04-26 04:58:50,2025-03-16 04:37:08,On the Way
299,284,2,2025-06-05 17:26:29,2025-07-31 19:13:16,On the Way
300,285,19,2025-07-01 00:43:50,2025-03-03 09:33:26,Failed
301,286,16,2025-05-02 19:05:24,2025-03-15 11:28:30,Picked Up
302,287,3,2025-01-08 12:28:47,2025-07-26 04:30:13,Assigned
303,288,5,2025-03-21 02:20:27,2025-02-09 23:32:17,Delivered
304,289,18,2025-06-15 14:14:20,2025-02-05 00:24:44,Assigned
305,290,2,2025-01-31 21:28:33,2025-03-02 01:02:42,Delivered
306,291,21,2025-02-17 01:45:50,2025-04-25 13:41:10,Failed
307,292,24,2025-05-18 15:33:12,2025-04-08 07:00:51,Delivered
308,293,11,2025-04-04 09:55:25,2025-03-15 00:28:33,Delivered
309,294,11,2025-07-07 01:44:24,2025-07-12 22:17:48,Failed
310,295,30,2025-07-25 19:00:00,2025-06-29 19:14:33,Failed
311,296,2,2025-05-04 18:19:26,2025-07-23 12:03:04,Delivered
312,297,15,2025-04-09 09:43:24,2025-02-07 00:43:54,Picked Up
313,298,22,2025-01-21 22:31:28,2025-06-22 14:58:19,Assigned
314,299,24,2025-02-07 13:02:34,2025-01-21 19:35:27,Assigned
315,300,28,2025-03-12 04:53:34,2025-03-27 01:31:09,Picked Up
316,301,17,2025-06-02 21:36:51,2025-02-25 18:55:32,Failed
317,302,30,2025-03-31 04:30:14,2025-02-21 10:40:41,Picked Up
318,303,16,2025-06-23 09:49:07,2025-02-03 01:13:52,Assigned
319,304,27,2025-05-12 17:38:38,2025-01-25 05:13:06,Delivered
320,305,29,2025-06-17 14:42:10,2025-02-15 20:49:34,Assigned
321,306,11,2025-02-25 05:32:25,2025-03-13 21:58:12,Assigned
322,307,24,2025-01-13 15:26:31,2025-04-11 15:03:43,Delivered
323,308,3,2025-06-18 22:57:58,2025-01-14 21:07:46,Picked Up
324,309,15,2025-04-05 22:18:16,2025-08-01 16:30:07,Delivered
325,310,12,2025-02-12 12:25:04,2025-02-06 19:07:08,Assigned
326,311,24,2025-06-26 11:22:04,2025-04-23 13:49:13,Delivered
327,312,24,2025-03-09 15:41:33,2025-01-21 14:25:20,Delivered
328,313,18,2025-05-27 14:24:51,2025-04-18 14:24:27,Assigned
329,314,1,2025-01-05 10:40:47,2025-05-03 23:19:15,Picked Up
330,315,11,2025-05-27 09:39:45,2025-08-14 06:30:52,Picked Up
331,316,5,2025-05-09 06:53:36,2025-08-03 19:38:47,Assigned
332,317,29,2025-01-27 14:43:52,2025-05-31 08:44:38,Assigned
333,318,27,2025-07-13 20:32:15,2025-07-29 12:17:43,Assigned
334,319,21,2025-05-24 03:16:04,2025-07-12 09:59:25,On the Way
335,320,1,2025-04-30 20:08:28,2025-04-22 19:29:30,On the Way
336,321,25,2025-05-15 21:16:18,2025-07-25 12:05:38,Assigned
337,322,17,2025-02-04 21:29:06,2025-03-20 16:40:04,Delivered
338,323,26,2025-01-01 20:59:37,2025-06-17 04:00:07,Failed
339,324,26,2025-08-03 14:50:45,2025-02-25 01:32:05,Assigned
340,325,29,2025-07-07 10:15:15,2025-05-22 18:18:31,Assigned
341,326,1,2025-06-08 17:45:55,2025-07-02 13:41:16,Delivered
342,327,15,2025-08-05 07:43:43,2025-04-17 02:58:21,On the Way
343,328,12,2025-03-21 23:24:12,2025-01-18 07:24:11,Delivered
344,329,20,2025-04-04 17:32:13,2025-01-26 14:51:32,On the Way
345,330,26,2025-06-07 05:43:29,2025-06-30 17:26:05,Delivered
346,331,18,2025-02-24 00:24:28,2025-03-03 23:12:49,Picked Up
347,332,17,2025-04-20 01:42:54,2025-05-04 02:19:24,Assigned
348,333,13,2025-07-24 06:36:08,2025-02-15 18:47:19,Assigned
349,334,15,2025-01-14 07:42:59,2025-02-17 15:08:18,Failed
350,335,2,2025-03-09 04:47:21,2025-02-05 00:16:34,Assigned
351,336,3,2025-01-27 08:17:36,2025-05-05 20:02:53,Picked Up
352,337,30,2025-04-10 19:43:18,2025-01-17 06:15:51,Failed
353,338,3,2025-01-13 23:01:24,2025-08-06 16:45:10,On the Way
354,339,28,2025-04-18 05:41:29,2025-07-02 21:51:18,Delivered
355,340,27,2025-01-06 18:15:59,2025-03-18 17:18:06,Delivered
356,341,14,2025-06-14 12:47:23,2025-01-22 23:42:35,Assigned
357,342,15,2025-07-09 10:08:02,2025-02-18 08:09:06,Picked Up
358,343,4,2025-08-09 04:53:13,2025-08-02 22:30:17,On the Way
359,344,25,2025-07-03 03:45:33,2025-06-11 04:56:27,Failed
360,345,18,2025-03-15 17:20:24,2025-06-23 05:41:03,Failed
361,346,19,2025-01-19 18:13:21,2025-06-24 09:29:14,Failed
362,347,30,2025-05-01 23:27:05,2025-07-19 03:23:04,Delivered
363,348,25,2025-07-23 06:01:18,2025-07-20 04:15:29,Picked Up
364,349,17,2025-03-20 11:10:43,2025-04-05 14:09:01,Assigned
365,350,19,2025-04-07 07:22:22,2025-03-08 08:15:48,Picked Up
366,351,12,2025-06-06 21:07:07,2025-08-05 05:03:32,On the Way
367,352,13,2025-03-24 20:38:21,2025-06-18 22:45:16,Picked Up
368,353,30,2025-03-14 20:30:18,2025-03-21 00:38:57,Picked Up
369,354,27,2025-01-03 05:53:18,2025-05-08 18:59:02,Picked Up
370,355,13,2025-02-19 21:26:12,2025-05-04 13:07:05,Picked Up
371,356,19,2025-03-15 00:47:14,2025-06-21 19:33:42,Picked Up
372,357,27,2025-02-09 09:39:55,2025-06-27 11:10:05,Assigned
373,358,17,2025-04-15 06:47:04,2025-03-08 17:39:57,Assigned
374,359,5,2025-06-19 14:05:40,2025-07-16 02:30:27,Picked Up
375,360,23,2025-01-11 03:37:13,2025-05-22 01:51:19,Picked Up
376,361,28,2025-06-19 23:07:30,2025-02-19 21:06:37,Assigned
377,362,25,2025-07-28 00:49:36,2025-02-18 12:42:23,Assigned
378,363,23,2025-01-04 08:49:11,2025-04-08 20:54:48,Picked Up
379,364,23,2025-07-11 16:57:57,2025-06-11 06:47:58,Delivered
380,365,27,2025-03-15 10:42:15,2025-03-13 20:13:29,On the Way
381,366,28,2025-02-21 09:13:12,2025-08-12 08:25:43,Failed
382,367,2,2025-08-13 17:03:51,2025-05-07 23:55:30,Failed
383,368,5,2025-03-26 21:58:34,2025-06-03 18:24:40,Failed
384,369,25,2025-08-02 10:00:03,2025-05-01 17:49:52,Picked Up
385,370,5,2025-07-31 02:12:24,2025-01-31 22:23:57,Assigned
386,371,5,2025-05-14 17:01:31,2025-05-30 21:16:18,Delivered
387,372,28,2025-08-09 13:48:15,2025-01-11 13:58:30,Assigned
388,373,27,2025-06-23 06:57:55,2025-06-22 01:22:16,Delivered
389,374,17,2025-05-15 12:33:53,2025-01-31 00:47:41,Failed
390,375,28,2025-01-19 19:20:26,2025-06-10 01:15:58,Assigned
391,376,16,2025-05-07 12:07:10,2025-03-03 02:24:08,On the Way
392,377,21,2025-08-10 03:11:06,2025-02-20 05:32:20,Delivered
393,378,23,2025-05-30 00:08:49,2025-06-25 13:35:01,Assigned
394,379,5,2025-07-20 09:38:51,2025-02-16 12:20:36,Picked Up
395,380,1,2025-06-11 19:19:24,2025-05-07 15:06:58,Assigned
396,381,25,2025-04-28 19:21:30,2025-07-13 02:19:43,Assigned
397,382,4,2025-04-05 12:31:53,2025-07-16 17:49:14,Assigned
398,383,26,2025-07-19 04:29:27,2025-03-23 09:46:32,Delivered
399,384,3,2025-06-23 14:12:20,2025-02-07 05:30:01,Delivered
400,385,27,2025-06-17 07:09:41,2025-06-08 04:21:50,On the Way
401,386,28,2025-03-05 14:58:43,2025-04-10 06:42:50,Delivered
402,387,19,2025-03-01 20:56:08,2025-03-11 14:05:39,Delivered
403,388,27,2025-03-07 13:46:45,2025-02-11 02:11:00,Picked Up
404,389,3,2025-06-25 15:28:29,2025-02-14 12:16:38,Delivered
405,390,3,2025-08-03 08:13:33,2025-04-16 03:45:44,Delivered
406,391,12,2025-02-12 06:04:01,2025-04-02 11:29:42,On the Way
407,392,25,2025-07-08 01:55:38,2025-01-21 06:34:49,Delivered
408,393,5,2025-02-18 03:02:44,2025-08-04 00:11:03,On the Way
409,394,16,2025-04-02 18:46:33,2025-08-02 07:18:00,Failed
410,395,23,2025-07-29 21:46:34,2025-01-31 11:03:05,Delivered
411,396,28,2025-01-28 13:48:20,2025-06-25 06:19:47,On the Way
412,397,5,2025-06-17 20:51:11,2025-07-07 06:38:15,Failed
413,398,4,2025-06-26 09:36:50,2025-01-11 07:55:35,Delivered
414,399,1,2025-02-06 08:29:44,2025-05-10 03:22:38,Failed
415,400,16,2025-03-15 21:46:09,2025-04-17 09:13:37,On the Way
416,401,30,2025-06-22 07:37:56,2025-04-06 09:14:28,Delivered
417,402,12,2025-07-02 10:21:35,2025-02-26 06:03:33,On the Way
418,403,27,2025-02-25 00:09:08,2025-01-14 22:14:06,Assigned
419,404,26,2025-06-24 09:23:15,2025-01-09 13:44:43,Failed
420,405,14,2025-05-09 01:30:50,2025-07-23 06:33:54,Failed
421,406,4,2025-04-28 06:32:21,2025-06-06 06:50:35,Picked Up
422,407,5,2025-04-04 21:23:51,2025-06-28 15:52:32,Delivered
423,408,21,2025-06-11 04:46:48,2025-07-16 06:25:24,Delivered
424,409,4,2025-05-26 16:23:30,2025-03-06 10:28:16,Assigned
425,410,27,2025-04-13 07:40:19,2025-05-29 09:59:45,Delivered
426,411,29,2025-02-17 12:14:52,2025-07-17 18:01:07,Delivered
427,412,13,2025-04-29 21:57:31,2025-06-02 05:03:42,Picked Up
428,413,11,2025-02-13 09:54:26,2025-05-24 12:04:23,Delivered
429,414,30,2025-06-12 13:28:18,2025-04-04 02:36:11,Failed
430,415,24,2025-08-01 05:52:25,2025-03-31 05:19:33,Failed
431,416,24,2025-01-20 05:30:42,2025-07-24 11:07:50,Failed
432,417,30,2025-06-26 05:49:25,2025-07-17 18:44:10,Assigned
433,418,12,2025-05-29 19:17:43,2025-08-09 07:44:07,Failed
434,419,28,2025-03-31 01:32:29,2025-08-04 22:27:13,Picked Up
435,420,11,2025-08-07 08:29:28,2025-03-23 12:14:30,Delivered
436,421,29,2025-02-14 16:48:34,2025-04-24 03:16:29,Assigned
437,422,1,2025-01-04 10:31:46,2025-04-19 11:03:46,Delivered
438,423,24,2025-03-02 22:22:40,2025-04-24 04:00:58,Failed
439,424,19,2025-06-17 10:33:15,2025-07-14 12:33:07,Assigned
440,425,11,2025-03-09 03:07:10,2025-08-14 01:13:29,Delivered
441,426,30,2025-08-05 09:21:29,2025-04-17 12:24:38,Delivered
442,427,13,2025-04-07 01:50:48,2025-04-03 16:46:54,Failed
443,428,19,2025-07-21 23:07:32,2025-02-04 12:55:03,Picked Up
444,429,23,2025-03-30 14:33:55,2025-05-08 16:40:56,Failed
445,430,21,2025-01-16 19:58:30,2025-03-18 20:55:36,Assigned
446,431,23,2025-07-19 06:03:52,2025-05-27 05:20:13,Assigned
447,432,3,2025-04-16 04:42:55,2025-03-24 18:20:48,Delivered
448,433,23,2025-02-12 22:50:13,2025-03-12 03:51:26,Failed
449,434,1,2025-01-24 13:57:43,2025-08-16 12:47:45,On the Way
450,435,22,2025-01-01 11:18:13,2025-06-07 16:16:47,On the Way
451,436,18,2025-07-25 20:46:41,2025-04-30 21:32:10,Delivered
452,437,30,2025-05-30 17:46:16,2025-03-04 14:38:34,Assigned
453,438,26,2025-06-22 21:11:56,2025-03-23 20:26:41,Assigned
454,439,29,2025-07-14 19:27:11,2025-02-27 05:23:00,Picked Up
455,440,18,2025-08-02 05:39:45,2025-07-26 12:13:50,On the Way
456,441,28,2025-01-28 08:25:51,2025-08-06 21:25:09,Assigned
457,442,17,2025-01-03 18:26:25,2025-02-03 19:02:40,Assigned
458,443,25,2025-02-25 03:41:15,2025-02-18 10:28:47,Delivered
459,444,26,2025-02-09 08:27:33,2025-02-07 12:49:33,On the Way
460,445,23,2025-04-08 18:47:41,2025-05-02 00:30:09,Delivered
461,446,12,2025-05-30 23:07:34,2025-02-03 15:30:37,Picked Up
462,447,1,2025-05-16 06:03:04,2025-04-25 00:22:35,On the Way
463,448,5,2025-02-04 08:22:21,2025-01-03 22:59:27,Failed
464,449,27,2025-05-14 01:21:07,2025-02-28 15:11:14,Picked Up
465,450,24,2025-07-09 18:40:23,2025-06-23 16:17:55,On the Way
466,451,28,2025-04-24 15:27:56,2025-02-01 15:03:34,Delivered
467,452,30,2025-08-07 14:48:55,2025-04-02 21:13:32,Picked Up
468,453,4,2025-01-01 19:28:16,2025-01-15 10:24:28,Failed
469,454,26,2025-02-15 20:40:03,2025-02-03 17:03:31,Delivered
470,455,3,2025-07-23 08:09:32,2025-03-26 05:09:35,Delivered
471,456,20,2025-04-09 04:26:09,2025-01-03 11:06:05,Delivered
472,457,18,2025-07-26 05:53:05,2025-06-23 17:50:47,On the Way
473,458,3,2025-08-02 11:16:55,2025-03-01 15:20:31,Failed
474,459,5,2025-03-27 00:29:19,2025-08-01 10:38:27,Assigned
475,460,13,2025-03-05 00:37:30,2025-07-07 20:58:02,Picked Up
476,461,14,2025-07-27 02:05:49,2025-08-03 06:51:41,On the Way
477,462,12,2025-07-07 06:25:36,2025-04-02 22:07:36,Delivered
478,463,29,2025-06-07 08:59:18,2025-04-14 21:46:32,Picked Up
479,464,18,2025-03-21 11:19:31,2025-07-31 07:03:38,On the Way
480,465,29,2025-07-04 10:41:34,2025-07-13 23:03:05,Delivered
481,466,23,2025-03-22 03:02:07,2025-01-05 22:18:43,Failed
482,467,24,2025-05-05 05:39:27,2025-01-27 03:38:38,Picked Up
483,468,14,2025-05-03 19:00:43,2025-07-18 16:26:33,Delivered
484,469,16,2025-07-05 09:52:41,2025-02-16 14:40:40,Failed
485,470,20,2025-06-09 06:16:22,2025-06-26 09:02:29,Assigned
486,471,25,2025-07-28 13:15:28,2025-04-26 02:31:17,Picked Up
487,472,17,2025-02-25 04:56:18,2025-05-24 05:57:25,Picked Up
488,473,11,2025-08-05 22:56:03,2025-07-10 23:34:19,Failed
489,474,26,2025-07-18 06:33:29,2025-01-31 12:47:48,Failed
490,475,20,2025-07-16 13:42:44,2025-03-29 11:13:37,Picked Up
491,476,11,2025-06-18 14:44:36,2025-05-09 19:38:38,Assigned
492,477,12,2025-04-24 07:21:20,2025-02-02 00:07:29,Delivered
493,478,12,2025-04-22 16:43:36,2025-04-09 14:21:49,Picked Up
494,479,21,2025-02-09 18:46:41,2025-07-14 04:26:42,Delivered
495,480,18,2025-07-03 11:55:29,2025-01-09 07:48:09,Failed
496,481,25,2025-01-08 18:20:54,2025-02-18 17:13:31,On the Way
497,482,16,2025-08-15 00:53:28,2025-01-30 22:07:23,Picked Up
498,483,30,2025-01-08 15:06:56,2025-03-02 15:15:04,Delivered
499,484,23,2025-06-28 12:54:36,2025-04-15 10:29:37,Picked Up
500,485,1,2025-07-16 16:10:25,2025-02-18 04:28:10,Failed
501,486,19,2025-04-26 17:15:50,2025-06-20 10:56:03,Failed
502,487,29,2025-01-05 13:14:37,2025-07-03 14:10:13,Delivered
503,488,23,2025-07-29 04:49:59,2025-03-17 04:21:31,Delivered
504,489,15,2025-03-25 06:32:52,2025-04-05 13:41:06,Assigned
505,490,11,2025-04-07 06:00:12,2025-05-14 02:22:56,Delivered
506,491,19,2025-08-07 04:42:55,2025-06-29 05:26:24,Delivered
507,492,28,2025-06-22 21:13:47,2025-05-28 22:16:54,Delivered
508,493,30,2025-08-02 23:15:23,2025-03-26 03:33:31,Delivered
509,494,12,2025-07-18 05:29:24,2025-01-29 19:37:49,Failed
510,495,15,2025-02-24 08:47:14,2025-03-27 09:53:42,On the Way
511,496,15,2025-03-30 20:50:01,2025-03-21 03:14:13,Delivered
512,497,15,2025-06-27 11:24:27,2025-07-04 05:41:46,Picked Up
513,498,26,2025-08-16 01:22:10,2025-01-26 11:19:57,Picked Up
514,499,3,2025-08-17 06:44:31,2025-06-05 23:55:34,Delivered
515,500,2,2025-07-26 23:02:25,2025-02-16 15:11:11,Delivered
516,501,21,2025-06-19 09:09:30,2025-01-17 23:23:46,Failed
517,502,25,2025-06-08 17:21:55,2025-05-11 08:43:58,Assigned
518,503,23,2025-01-10 01:19:42,2025-03-13 08:17:13,Delivered
519,504,24,2025-01-29 07:42:05,2025-01-01 08:43:22,Delivered
520,505,13,2025-04-05 12:39:41,2025-07-08 19:57:41,Picked Up
521,506,1,2025-01-15 10:29:59,2025-08-02 22:53:36,Delivered
522,507,12,2025-04-28 23:00:57,2025-02-14 00:36:10,Delivered
523,508,18,2025-06-19 21:35:17,2025-02-08 17:29:19,Assigned
524,509,14,2025-07-07 05:42:07,2025-07-09 19:03:05,Picked Up
525,510,21,2025-07-08 13:53:44,2025-01-19 02:38:57,Picked Up
526,511,11,2025-04-22 16:29:59,2025-06-18 01:29:23,On the Way
527,512,11,2025-08-15 02:54:30,2025-06-29 11:17:23,Delivered
528,513,14,2025-01-07 20:02:39,2025-03-30 22:16:32,Failed
529,514,20,2025-01-20 18:48:00,2025-02-04 05:12:20,Picked Up
530,515,12,2025-07-15 15:01:11,2025-06-03 14:34:02,Failed
531,516,27,2025-01-08 00:03:59,2025-03-29 17:12:15,Delivered
532,517,11,2025-06-22 19:01:50,2025-01-16 00:52:54,Assigned
533,518,3,2025-04-25 20:58:25,2025-07-17 10:10:00,Failed
534,519,4,2025-05-21 07:18:38,2025-08-01 05:35:06,Assigned
535,520,17,2025-06-06 10:26:09,2025-05-16 17:35:57,Failed
536,521,26,2025-03-15 19:55:25,2025-02-10 11:13:35,Picked Up
537,522,15,2025-02-17 14:11:04,2025-06-22 06:40:42,Failed
538,523,14,2025-04-11 16:27:59,2025-03-02 12:59:22,Assigned
539,524,19,2025-05-05 12:17:47,2025-05-03 02:59:00,Assigned
540,525,11,2025-01-06 04:46:58,2025-06-13 08:28:34,Delivered
541,526,28,2025-04-13 04:23:37,2025-02-22 13:48:19,Failed
542,527,26,2025-05-02 16:25:44,2025-07-05 11:28:35,Assigned
543,528,12,2025-03-12 11:10:52,2025-06-25 06:01:08,Assigned
544,529,27,2025-04-24 21:05:39,2025-01-19 14:06:13,Picked Up
545,530,5,2025-05-29 02:12:05,2025-01-29 02:51:50,Assigned
546,531,3,2025-07-02 19:34:09,2025-01-14 16:31:27,Assigned
547,532,30,2025-01-24 03:45:28,2025-08-01 13:41:26,On the Way
548,533,3,2025-06-10 01:39:51,2025-05-19 06:28:13,Picked Up
549,534,3,2025-04-23 03:44:00,2025-05-01 23:10:37,Picked Up
550,535,27,2025-07-08 09:57:13,2025-05-12 13:10:39,Delivered
551,536,12,2025-03-11 03:01:10,2025-08-08 15:09:54,Delivered
552,537,13,2025-03-29 20:24:26,2025-08-06 03:37:11,Delivered
553,538,17,2025-02-12 21:55:36,2025-02-24 10:53:26,Failed
554,539,2,2025-01-15 01:21:31,2025-07-27 18:44:43,Failed
555,540,11,2025-04-08 18:57:32,2025-05-25 10:40:21,Failed
556,541,24,2025-06-05 07:38:33,2025-07-16 16:52:44,On the Way
557,542,29,2025-04-13 02:04:03,2025-02-28 11:40:03,Picked Up
558,543,22,2025-05-05 09:05:02,2025-02-08 13:45:34,On the Way
559,544,21,2025-03-20 12:02:25,2025-08-06 14:29:44,Failed
560,545,1,2025-07-17 01:32:41,2025-04-23 22:37:23,Delivered
561,546,26,2025-05-31 05:34:21,2025-03-09 14:57:18,On the Way
562,547,3,2025-06-07 19:22:59,2025-07-11 18:10:10,Failed
563,548,13,2025-07-12 00:41:43,2025-01-18 09:46:40,Assigned
564,549,16,2025-02-05 23:39:44,2025-02-08 14:36:32,Failed
565,550,5,2025-08-10 16:51:30,2025-01-15 07:17:29,Failed
566,551,2,2025-06-26 05:21:57,2025-05-20 03:28:46,Picked Up
567,552,1,2025-02-08 20:44:23,2025-07-09 13:38:26,Delivered
568,553,2,2025-07-20 09:26:12,2025-08-02 15:42:29,Delivered
569,554,25,2025-06-11 22:46:16,2025-05-05 09:07:38,Picked Up
570,555,27,2025-06-13 02:50:34,2025-05-04 10:38:52,Delivered
571,556,14,2025-01-01 09:09:30,2025-02-19 20:55:35,Assigned
572,557,20,2025-08-11 18:43:04,2025-05-17 07:55:43,Assigned
573,558,18,2025-05-29 04:41:41,2025-01-08 23:42:11,On the Way
574,559,18,2025-07-28 17:13:32,2025-07-20 15:08:58,Failed
575,560,12,2025-05-09 03:30:12,2025-03-15 20:30:44,Delivered
576,561,25,2025-03-22 15:24:57,2025-02-07 20:23:58,Failed
577,562,3,2025-05-19 13:18:48,2025-03-04 05:14:54,Assigned
578,563,5,2025-04-22 20:24:35,2025-02-15 08:20:11,Picked Up
579,564,5,2025-03-26 06:27:08,2025-01-26 23:09:23,Assigned
580,565,2,2025-06-07 22:39:57,2025-01-31 15:59:38,Assigned
581,566,30,2025-01-28 09:44:04,2025-04-04 05:27:47,Delivered
582,567,26,2025-02-07 02:14:19,2025-03-15 02:40:19,Assigned
583,568,5,2025-02-28 01:11:26,2025-03-29 08:18:52,Delivered
584,569,26,2025-04-07 12:23:52,2025-03-26 07:34:40,Assigned
585,570,11,2025-04-01 16:46:39,2025-02-20 01:03:33,Assigned
586,571,12,2025-02-01 01:01:09,2025-04-11 14:52:03,Picked Up
587,572,19,2025-05-22 20:14:31,2025-02-24 23:59:07,On the Way
588,573,17,2025-03-15 02:24:14,2025-05-11 19:56:28,Delivered
589,574,15,2025-05-01 10:14:43,2025-04-23 00:45:39,Failed
590,575,20,2025-02-24 10:51:59,2025-05-18 09:19:59,Failed
591,576,19,2025-02-01 05:08:11,2025-02-24 10:35:22,On the Way
592,577,2,2025-05-21 04:23:56,2025-06-23 23:35:31,On the Way
593,578,26,2025-03-17 15:34:03,2025-07-07 07:49:54,Picked Up
594,579,18,2025-03-18 10:16:45,2025-07-13 07:39:31,Picked Up
595,580,22,2025-06-12 17:14:06,2025-06-30 15:00:12,Assigned
596,581,22,2025-07-30 17:12:27,2025-05-30 10:01:30,Assigned
597,582,1,2025-03-09 11:30:47,2025-05-24 09:58:26,On the Way
598,583,25,2025-04-11 08:20:36,2025-04-20 11:14:20,Assigned
599,584,20,2025-01-26 07:59:58,2025-06-08 13:51:47,On the Way
600,585,19,2025-06-18 20:50:37,2025-03-21 06:28:39,Assigned
601,586,13,2025-04-30 23:04:55,2025-01-22 01:10:51,Delivered
602,587,28,2025-02-22 21:55:35,2025-01-17 13:06:59,Assigned
603,588,17,2025-03-12 03:07:00,2025-01-06 17:12:23,Failed
604,589,30,2025-05-24 14:34:09,2025-08-15 14:22:42,On the Way
605,590,22,2025-02-22 13:12:17,2025-07-07 04:40:41,Failed
606,591,28,2025-08-08 17:54:15,2025-07-26 06:27:28,Failed
607,592,19,2025-07-15 07:58:56,2025-02-15 11:18:12,On the Way
608,593,11,2025-05-19 21:32:53,2025-06-29 19:02:19,Assigned
609,594,14,2025-06-21 23:00:55,2025-04-24 08:29:47,Delivered
610,595,24,2025-07-11 09:44:11,2025-01-28 13:26:40,Picked Up
611,596,30,2025-04-14 12:20:04,2025-01-17 10:22:40,Delivered
612,597,21,2025-07-24 09:53:08,2025-05-01 20:21:18,Failed
613,598,18,2025-05-15 09:48:26,2025-01-20 17:38:15,Picked Up
614,599,11,2025-03-16 00:56:46,2025-06-27 22:43:27,Picked Up
615,600,5,2025-01-27 16:31:37,2025-03-31 06:01:05,Delivered
616,601,16,2025-04-23 01:10:15,2025-06-19 18:22:57,Delivered
617,602,24,2025-02-24 05:23:52,2025-05-12 05:01:39,Failed
618,603,15,2025-02-24 14:27:18,2025-08-17 14:14:07,Failed
619,604,5,2025-08-16 23:08:20,2025-04-11 02:37:57,Picked Up
620,605,23,2025-01-22 03:29:53,2025-07-11 15:15:46,On the Way
621,606,5,2025-07-16 09:36:00,2025-04-16 04:26:37,Assigned
622,607,24,2025-06-20 18:26:18,2025-04-15 07:57:50,On the Way
623,608,26,2025-03-19 18:58:02,2025-03-30 19:24:16,Delivered
624,609,28,2025-04-09 23:21:22,2025-07-30 22:17:37,Assigned
625,610,16,2025-05-05 17:30:10,2025-06-22 11:28:46,On the Way
626,611,21,2025-03-18 02:44:57,2025-08-02 15:17:08,On the Way
627,612,1,2025-01-03 18:03:45,2025-06-09 05:16:24,On the Way
628,613,1,2025-03-09 01:42:16,2025-05-15 22:18:37,Delivered
629,614,12,2025-02-15 14:55:15,2025-06-27 10:27:57,Delivered
630,615,12,2025-02-08 06:00:05,2025-07-29 06:26:09,On the Way
631,616,27,2025-08-07 23:33:20,2025-01-22 20:14:19,Failed
632,617,3,2025-08-06 02:01:47,2025-02-24 10:02:06,Assigned
633,618,18,2025-05-22 22:24:17,2025-07-07 18:12:27,Picked Up
634,619,5,2025-05-22 22:51:40,2025-06-29 12:51:00,Failed
635,620,25,2025-02-11 09:37:57,2025-04-17 06:36:58,Failed
636,621,26,2025-05-21 09:25:01,2025-02-06 19:02:57,Failed
637,622,15,2025-02-08 11:13:14,2025-07-23 04:48:35,On the Way
638,623,25,2025-02-27 04:15:59,2025-04-02 08:17:53,On the Way
639,624,3,2025-01-15 00:30:41,2025-08-11 00:22:41,Delivered
640,625,21,2025-03-23 15:53:22,2025-07-16 10:21:59,Picked Up
641,626,28,2025-04-01 19:50:10,2025-05-05 11:56:06,Picked Up
642,627,28,2025-04-04 08:14:43,2025-04-01 03:21:52,Picked Up
643,628,28,2025-01-04 14:27:54,2025-04-26 22:48:23,Delivered
644,629,1,2025-01-26 21:12:55,2025-03-11 09:44:54,Assigned
645,630,12,2025-05-17 06:15:20,2025-02-26 18:00:49,Failed
646,631,29,2025-03-29 02:52:36,2025-07-08 21:43:58,Assigned
647,632,16,2025-02-13 03:13:09,2025-03-16 03:02:57,Assigned
648,633,23,2025-06-20 11:18:05,2025-04-18 19:02:27,Failed
649,634,14,2025-02-26 21:51:40,2025-08-13 00:15:15,On the Way
650,635,11,2025-06-25 22:37:42,2025-01-09 16:10:06,On the Way
651,636,28,2025-05-03 08:10:12,2025-01-06 17:48:40,Picked Up
652,637,4,2025-03-29 14:22:18,2025-06-24 20:03:35,Delivered
653,638,14,2025-07-26 12:39:02,2025-07-05 05:54:36,Failed
654,639,16,2025-06-15 20:19:12,2025-03-26 02:48:12,Delivered
655,640,1,2025-07-17 07:41:09,2025-03-20 00:53:22,On the Way
656,641,4,2025-05-31 10:21:53,2025-04-06 18:57:48,Picked Up
657,642,3,2025-07-26 21:00:58,2025-01-02 22:12:41,Picked Up
658,643,29,2025-01-04 01:16:18,2025-04-14 07:52:18,On the Way
659,644,24,2025-04-23 21:38:30,2025-02-28 16:24:55,Picked Up
660,645,19,2025-07-03 12:21:09,2025-06-11 23:52:16,Picked Up
661,646,19,2025-04-27 09:08:23,2025-02-09 16:04:45,Delivered
662,647,20,2025-06-21 08:14:52,2025-04-04 22:00:57,Assigned
663,648,13,2025-01-13 00:53:42,2025-02-07 23:24:45,Picked Up
664,649,4,2025-04-12 05:23:43,2025-02-05 04:19:53,On the Way
665,650,19,2025-06-18 14:33:18,2025-03-28 07:15:04,On the Way
666,651,16,2025-05-10 06:29:49,2025-01-03 00:45:24,On the Way
667,652,18,2025-05-19 17:08:07,2025-06-12 21:04:56,Failed
668,653,17,2025-04-16 02:31:46,2025-07-11 15:29:31,Picked Up
669,654,17,2025-07-21 20:23:57,2025-08-11 21:31:23,Picked Up
670,655,11,2025-06-14 12:52:21,2025-02-08 16:14:28,Delivered
671,656,13,2025-08-11 17:32:18,2025-03-12 06:46:31,On the Way
672,657,21,2025-01-02 04:40:24,2025-03-22 05:47:15,Picked Up
673,658,3,2025-02-02 14:08:39,2025-06-02 09:37:36,Picked Up
674,659,13,2025-05-30 13:52:15,2025-08-09 23:26:28,Failed
675,660,16,2025-02-26 09:47:13,2025-04-29 20:18:38,On the Way
676,661,14,2025-02-17 15:41:48,2025-01-14 03:09:54,On the Way
677,662,26,2025-08-05 12:49:41,2025-06-11 08:54:36,Delivered
678,663,14,2025-01-15 02:35:16,2025-01-20 20:41:46,On the Way
679,664,20,2025-08-09 15:41:17,2025-02-24 21:50:15,Delivered
680,665,12,2025-01-29 17:42:12,2025-01-01 13:43:56,Delivered
681,666,1,2025-01-14 16:54:25,2025-01-10 01:38:55,On the Way
682,667,22,2025-03-03 08:40:03,2025-01-11 02:28:06,On the Way
683,668,1,2025-04-13 15:11:42,2025-01-26 11:21:35,Delivered
684,669,15,2025-04-26 10:06:47,2025-07-10 00:56:52,Picked Up
685,670,3,2025-07-26 04:38:11,2025-07-25 16:40:53,Delivered
686,671,13,2025-02-10 12:08:49,2025-01-30 12:51:04,On the Way
687,672,26,2025-04-14 07:30:09,2025-04-01 04:05:34,Assigned
688,673,23,2025-05-28 19:09:47,2025-03-22 13:13:02,Failed
689,674,22,2025-02-20 15:49:05,2025-01-21 20:01:30,Delivered
690,675,26,2025-04-11 07:47:05,2025-02-26 16:17:04,Failed
691,676,30,2025-07-07 00:06:14,2025-01-13 17:36:19,Delivered
692,677,28,2025-04-30 15:21:28,2025-04-06 23:07:16,Delivered
693,678,16,2025-05-12 11:46:18,2025-03-16 17:35:37,Failed
694,679,3,2025-01-17 03:23:44,2025-07-11 16:30:53,Delivered
695,680,5,2025-03-26 23:12:05,2025-03-06 10:23:51,Failed
696,681,28,2025-04-14 18:59:35,2025-01-30 09:33:51,Delivered
697,682,22,2025-05-08 08:06:56,2025-02-21 15:28:24,On the Way
698,683,20,2025-03-29 15:02:54,2025-05-23 16:45:41,Assigned
699,684,4,2025-06-15 18:52:19,2025-04-23 15:00:58,Picked Up
700,685,22,2025-07-19 20:15:10,2025-07-03 00:59:16,On the Way
701,686,21,2025-02-22 22:49:15,2025-03-02 03:54:14,Delivered
702,687,1,2025-05-11 23:35:00,2025-02-12 06:40:49,On the Way
703,688,12,2025-07-27 21:59:33,2025-05-18 05:08:05,On the Way
704,689,20,2025-01-09 18:58:44,2025-02-11 15:03:37,Delivered
705,690,25,2025-02-19 04:10:27,2025-07-03 01:42:54,Assigned
706,691,20,2025-05-14 16:45:58,2025-03-26 03:47:15,Delivered
707,692,2,2025-02-07 17:10:23,2025-05-02 12:44:36,Picked Up
708,693,21,2025-02-01 12:02:29,2025-04-27 17:54:10,Failed
709,694,11,2025-05-23 00:36:09,2025-04-01 01:27:08,Picked Up
710,695,25,2025-03-14 11:48:57,2025-02-27 12:12:51,Delivered
711,696,18,2025-03-08 18:16:00,2025-01-27 10:00:43,Picked Up
712,697,22,2025-05-29 14:54:08,2025-07-15 02:53:50,Delivered
713,698,5,2025-02-01 22:10:58,2025-01-28 01:37:32,Delivered
714,699,20,2025-04-23 06:12:13,2025-08-07 05:51:17,Assigned
715,700,2,2025-05-08 18:25:28,2025-07-17 17:24:57,Assigned
716,701,27,2025-01-04 09:11:20,2025-04-26 12:05:26,Failed
717,702,25,2025-08-14 21:49:07,2025-04-06 22:20:05,Picked Up
718,703,2,2025-06-12 02:35:15,2025-03-16 07:12:44,Picked Up
719,704,25,2025-04-01 05:09:28,2025-07-28 23:08:56,On the Way
720,705,17,2025-01-12 19:00:36,2025-04-01 22:18:32,Failed
721,706,29,2025-06-04 04:14:05,2025-04-25 18:57:31,Assigned
722,707,27,2025-01-29 19:23:27,2025-01-31 04:53:18,Delivered
723,708,1,2025-08-05 18:53:35,2025-04-28 13:20:56,Delivered
724,709,28,2025-05-06 01:55:59,2025-06-26 18:52:47,Picked Up
725,710,2,2025-05-15 14:57:20,2025-03-23 04:15:43,On the Way
726,711,26,2025-02-02 08:37:25,2025-06-10 14:06:11,Assigned
727,712,26,2025-04-21 13:06:44,2025-01-09 03:16:41,Delivered
728,713,21,2025-02-06 13:57:46,2025-06-15 16:39:12,Assigned
729,714,11,2025-02-22 12:14:22,2025-01-24 07:50:53,On the Way
730,715,22,2025-05-03 12:38:14,2025-03-02 02:30:33,Picked Up
731,716,3,2025-02-14 17:11:13,2025-04-04 10:24:16,Picked Up
732,717,15,2025-05-06 16:40:24,2025-03-22 11:44:38,On the Way
733,718,16,2025-06-17 17:19:51,2025-03-27 07:25:09,On the Way
734,719,25,2025-01-25 01:48:54,2025-02-18 14:09:37,On the Way
735,720,5,2025-03-04 20:43:04,2025-06-20 01:35:46,Delivered
736,721,3,2025-03-02 08:48:00,2025-03-05 14:20:50,Assigned
737,722,14,2025-03-20 23:20:08,2025-04-29 09:39:13,Picked Up
738,723,26,2025-07-30 09:26:35,2025-08-06 22:37:41,Assigned
739,724,30,2025-01-02 03:45:45,2025-07-07 06:19:46,Assigned
740,725,1,2025-05-10 00:31:59,2025-07-19 21:38:36,Failed
741,726,21,2025-05-17 02:33:55,2025-02-24 07:26:49,Failed
742,727,29,2025-04-28 08:56:55,2025-06-26 10:32:57,On the Way
743,728,14,2025-06-19 04:28:37,2025-05-25 07:17:21,Delivered
744,729,30,2025-05-01 03:36:40,2025-08-16 03:30:30,Picked Up
745,730,11,2025-06-10 22:20:40,2025-05-10 05:16:04,On the Way
746,731,24,2025-08-15 05:20:14,2025-02-05 07:44:36,On the Way
747,732,13,2025-08-05 06:49:02,2025-02-25 20:51:42,Failed
748,733,27,2025-01-30 08:43:23,2025-05-06 19:57:36,Picked Up
749,734,24,2025-05-13 07:42:05,2025-01-29 12:39:25,Assigned
750,735,13,2025-02-10 02:28:28,2025-01-01 02:59:19,On the Way
751,736,18,2025-01-22 11:10:17,2025-06-17 10:19:35,Failed
752,737,14,2025-07-22 03:51:30,2025-04-26 03:39:34,Picked Up
753,738,18,2025-05-27 19:00:26,2025-06-12 04:31:48,On the Way
754,739,25,2025-04-30 18:45:00,2025-07-19 09:00:41,On the Way
755,740,12,2025-06-15 06:52:57,2025-01-09 16:54:02,Picked Up
756,741,23,2025-03-20 06:32:18,2025-03-20 04:41:29,Assigned
757,742,2,2025-08-07 13:18:18,2025-03-30 05:55:35,Delivered
758,743,1,2025-02-11 17:44:15,2025-04-14 22:24:14,Delivered
759,744,4,2025-03-22 08:47:49,2025-02-06 00:33:06,Delivered
760,745,18,2025-06-07 23:18:02,2025-04-30 23:24:02,Failed
761,746,14,2025-03-13 22:05:59,2025-08-12 09:28:19,Assigned
762,747,26,2025-08-17 16:40:50,2025-07-30 08:56:04,Failed
763,748,2,2025-06-02 16:28:16,2025-03-24 08:35:20,Assigned
764,749,28,2025-06-13 13:27:24,2025-01-31 09:06:49,Failed
765,750,13,2025-08-04 01:46:01,2025-04-11 11:37:50,Assigned
766,751,14,2025-02-04 22:46:32,2025-05-28 12:14:13,Failed
767,752,30,2025-08-07 15:21:34,2025-05-08 17:51:24,Picked Up
768,753,20,2025-02-12 12:30:27,2025-02-16 08:10:25,Failed
769,754,14,2025-06-16 07:07:09,2025-06-30 12:53:35,Picked Up
770,755,29,2025-01-30 20:56:02,2025-02-06 06:11:23,On the Way
771,756,24,2025-01-10 03:21:59,2025-07-24 18:33:55,Delivered
772,757,16,2025-05-17 20:08:32,2025-01-19 23:15:24,Failed
773,758,11,2025-06-21 05:15:19,2025-02-04 09:07:49,Picked Up
774,759,16,2025-02-23 04:45:50,2025-02-27 04:35:48,Delivered
775,760,24,2025-05-11 02:26:25,2025-02-06 10:19:41,Delivered
776,761,15,2025-02-25 15:05:04,2025-06-03 08:00:11,Failed
777,762,11,2025-05-02 00:31:04,2025-05-06 16:26:15,On the Way
778,763,2,2025-08-14 15:08:18,2025-06-03 20:47:44,Delivered
779,764,29,2025-06-25 02:25:47,2025-08-13 21:05:18,Delivered
780,765,4,2025-04-17 18:01:29,2025-05-02 16:54:54,Assigned
781,766,12,2025-01-01 07:08:06,2025-07-17 04:33:01,Delivered
782,767,30,2025-04-30 10:20:03,2025-06-22 17:30:19,Assigned
783,768,25,2025-02-08 21:29:43,2025-01-13 08:54:13,Picked Up
784,769,18,2025-04-15 05:10:33,2025-04-25 22:27:30,On the Way
785,770,15,2025-06-24 00:43:12,2025-03-15 11:36:23,Assigned
786,771,3,2025-06-09 16:32:58,2025-07-06 04:42:07,On the Way
787,772,28,2025-05-29 15:06:09,2025-05-31 16:25:24,Assigned
788,773,30,2025-03-17 23:36:33,2025-07-12 13:44:57,Assigned
789,774,23,2025-05-25 14:55:44,2025-02-18 16:52:15,Delivered
790,775,17,2025-05-28 07:31:37,2025-01-27 14:22:03,Picked Up
791,776,5,2025-06-26 16:40:12,2025-04-17 23:08:31,Assigned
792,777,3,2025-01-01 18:36:51,2025-04-25 08:53:39,On the Way
793,778,28,2025-05-19 11:42:24,2025-02-24 13:34:12,On the Way
794,779,16,2025-04-07 09:07:46,2025-03-05 13:55:32,Assigned
795,780,29,2025-05-14 15:43:37,2025-03-21 17:45:31,Assigned
796,781,12,2025-07-22 22:35:27,2025-06-14 02:39:31,Assigned
797,782,30,2025-01-23 18:07:59,2025-04-19 16:40:12,Picked Up
798,783,5,2025-08-07 03:02:12,2025-05-26 03:51:19,Picked Up
799,784,18,2025-04-10 22:41:53,2025-02-13 13:43:17,Failed
800,785,30,2025-03-10 21:39:56,2025-08-11 11:45:13,On the Way
801,786,21,2025-01-14 15:46:36,2025-05-02 13:15:12,Delivered
802,787,27,2025-04-21 19:29:21,2025-02-27 13:52:29,Delivered
803,788,23,2025-01-11 04:00:35,2025-07-18 10:49:56,Assigned
804,789,13,2025-01-18 04:14:20,2025-06-03 09:01:20,Assigned
805,790,1,2025-03-18 09:27:21,2025-01-14 17:09:46,Picked Up
806,791,29,2025-03-29 16:02:07,2025-02-12 14:41:47,Assigned
807,792,22,2025-06-10 05:46:58,2025-02-05 19:31:46,Delivered
808,793,12,2025-06-22 19:54:45,2025-01-17 07:31:16,Picked Up
809,794,12,2025-08-15 19:22:39,2025-06-25 09:11:03,Picked Up
810,795,21,2025-04-12 18:39:07,2025-03-05 12:00:40,On the Way
811,796,28,2025-02-26 15:31:23,2025-07-01 13:32:04,Assigned
812,797,15,2025-05-01 17:15:51,2025-03-14 03:41:37,Delivered
813,798,28,2025-08-04 20:13:48,2025-07-11 10:10:03,On the Way
814,799,2,2025-05-03 09:23:35,2025-07-27 06:36:29,Assigned
815,800,12,2025-08-02 22:35:02,2025-08-07 19:33:11,Failed
816,801,18,2025-02-08 14:49:58,2025-06-12 06:15:07,On the Way
817,802,1,2025-02-11 03:48:52,2025-01-15 07:17:31,Picked Up
818,803,26,2025-04-24 09:28:32,2025-02-06 15:27:22,Assigned
819,804,4,2025-05-29 09:39:47,2025-08-03 17:21:06,Assigned
820,805,13,2025-01-23 12:54:45,2025-06-18 04:42:23,On the Way
821,806,17,2025-03-12 20:12:53,2025-02-15 06:03:29,Assigned
822,807,16,2025-02-20 20:31:18,2025-03-02 09:54:39,Picked Up
823,808,23,2025-04-19 09:48:30,2025-03-15 14:31:34,Assigned
824,809,4,2025-02-18 15:52:49,2025-08-03 06:05:22,On the Way
825,810,24,2025-03-26 04:00:36,2025-02-25 17:27:21,Failed
826,811,3,2025-01-21 04:49:35,2025-07-06 08:42:46,Failed
827,812,13,2025-05-02 00:33:09,2025-01-18 01:51:15,On the Way
828,813,3,2025-02-16 22:25:33,2025-02-21 14:24:59,Picked Up
829,814,12,2025-04-27 04:23:48,2025-02-25 01:48:42,Picked Up
830,815,11,2025-01-01 17:55:43,2025-03-27 11:21:24,Assigned
831,816,19,2025-04-21 11:39:36,2025-05-31 20:56:49,Delivered
832,817,4,2025-02-25 12:02:33,2025-07-27 08:00:26,On the Way
833,818,13,2025-02-27 12:33:07,2025-03-06 01:05:20,Failed
834,819,30,2025-01-04 22:44:19,2025-01-24 19:56:30,On the Way
835,820,13,2025-04-20 16:33:08,2025-02-28 20:07:29,Assigned
836,821,2,2025-04-29 14:13:21,2025-06-02 06:19:59,Delivered
837,822,14,2025-07-25 13:15:38,2025-03-22 20:47:24,Failed
838,823,27,2025-03-16 08:51:48,2025-06-13 10:47:22,On the Way
839,824,19,2025-04-26 01:00:14,2025-07-08 06:48:11,On the Way
840,825,28,2025-03-06 12:01:53,2025-05-11 23:07:42,On the Way
841,826,27,2025-05-29 04:56:11,2025-04-12 01:56:19,Picked Up
842,827,17,2025-07-03 08:12:47,2025-04-08 17:33:05,Delivered
843,828,16,2025-05-26 18:32:39,2025-04-27 15:36:07,Assigned
844,829,21,2025-04-03 05:46:36,2025-03-05 01:10:22,Delivered
845,830,21,2025-07-12 00:15:09,2025-07-02 03:39:48,Picked Up
846,831,2,2025-01-07 13:33:10,2025-02-12 06:13:59,Picked Up
847,832,28,2025-03-30 06:29:03,2025-06-27 02:25:36,Failed
848,833,29,2025-02-07 06:09:33,2025-05-17 01:03:48,On the Way
849,834,16,2025-08-07 02:32:14,2025-04-25 23:31:59,Delivered
850,835,12,2025-02-16 11:08:17,2025-06-27 14:09:07,On the Way
851,836,28,2025-06-22 13:30:26,2025-02-24 11:10:31,Assigned
852,837,22,2025-03-10 16:58:25,2025-07-15 06:46:45,Picked Up
853,838,20,2025-08-02 16:19:03,2025-06-15 05:30:59,Assigned
854,839,28,2025-07-11 17:01:10,2025-08-17 13:02:18,Picked Up
855,840,21,2025-03-05 10:59:15,2025-02-04 02:35:47,Picked Up
856,841,2,2025-03-31 05:53:43,2025-07-31 12:43:15,On the Way
857,842,11,2025-02-05 18:12:04,2025-01-28 00:43:51,Delivered
858,843,5,2025-02-28 20:46:23,2025-01-14 07:30:57,Delivered
859,844,12,2025-05-05 17:56:26,2025-07-12 20:08:57,Delivered
860,845,12,2025-02-14 14:57:56,2025-06-07 04:04:53,Assigned
861,846,12,2025-02-12 08:27:55,2025-07-10 14:50:06,On the Way
862,847,26,2025-07-26 10:58:40,2025-02-25 12:07:05,On the Way
863,848,2,2025-06-03 02:31:12,2025-01-22 01:24:56,Failed
864,849,16,2025-07-23 13:25:10,2025-01-08 22:14:34,Assigned
865,850,23,2025-01-04 18:25:07,2025-07-14 02:21:16,On the Way
866,851,13,2025-04-14 02:01:45,2025-07-20 20:28:04,Failed
867,852,1,2025-01-05 13:04:20,2025-02-16 14:17:38,Failed
868,853,13,2025-07-05 04:41:51,2025-02-06 08:24:52,Failed
869,854,12,2025-06-20 03:10:20,2025-03-15 21:23:45,Delivered
870,855,14,2025-06-26 05:54:43,2025-06-22 18:46:09,Picked Up
871,856,2,2025-02-24 01:59:51,2025-05-13 01:59:45,On the Way
872,857,19,2025-02-12 23:22:45,2025-02-15 02:55:37,Picked Up
873,858,23,2025-01-05 06:08:36,2025-03-26 02:58:20,Picked Up
874,859,17,2025-01-12 22:35:14,2025-01-10 08:35:05,Picked Up
875,860,2,2025-04-30 07:41:53,2025-02-06 18:34:27,Failed
876,861,20,2025-01-08 02:45:36,2025-06-30 22:04:56,Delivered
877,862,22,2025-04-05 11:55:58,2025-03-13 16:23:24,On the Way
878,863,13,2025-06-10 08:22:57,2025-05-05 18:25:44,On the Way
879,864,22,2025-05-17 13:46:30,2025-07-22 10:20:12,Picked Up
880,865,5,2025-02-06 20:34:11,2025-03-16 00:28:41,Picked Up
881,866,19,2025-05-25 06:12:51,2025-03-19 11:55:21,Failed
882,867,15,2025-08-10 13:29:06,2025-03-13 18:24:06,Failed
883,868,21,2025-05-02 11:45:09,2025-01-04 16:00:25,Picked Up
884,869,23,2025-02-25 23:46:49,2025-05-03 07:03:36,Delivered
885,870,24,2025-04-26 00:51:55,2025-02-17 21:45:40,Failed
886,871,18,2025-02-08 11:42:25,2025-07-29 00:52:57,Delivered
887,872,13,2025-03-17 01:33:40,2025-07-11 21:20:55,Picked Up
888,873,23,2025-03-27 05:42:05,2025-07-06 18:18:18,Delivered
889,874,13,2025-04-14 15:31:58,2025-07-14 05:18:06,Delivered
890,875,13,2025-01-04 10:54:14,2025-01-20 08:54:21,On the Way
891,876,18,2025-07-20 03:55:11,2025-03-27 00:24:32,Picked Up
892,877,27,2025-05-25 11:55:01,2025-07-08 16:47:25,Delivered
893,878,22,2025-02-23 11:07:41,2025-04-22 11:34:14,On the Way
894,879,21,2025-05-12 04:11:06,2025-01-12 20:56:31,On the Way
895,880,26,2025-04-05 08:26:59,2025-01-15 06:39:53,On the Way
896,881,20,2025-02-26 21:00:38,2025-03-12 08:52:49,Failed
897,882,19,2025-03-12 02:54:27,2025-06-16 23:33:31,Picked Up
898,883,17,2025-02-23 23:20:59,2025-03-28 23:58:33,Failed
899,884,1,2025-02-08 09:01:53,2025-07-29 11:29:45,On the Way
900,885,29,2025-06-13 21:22:56,2025-03-15 21:37:18,Delivered
901,886,24,2025-08-15 16:44:54,2025-01-15 12:24:59,Picked Up
902,887,24,2025-05-22 02:17:23,2025-04-28 13:53:31,Failed
903,888,28,2025-07-14 08:26:25,2025-03-26 11:23:15,Failed
904,889,23,2025-05-19 15:11:29,2025-06-14 20:04:08,Delivered
905,890,4,2025-06-09 17:21:16,2025-07-02 10:44:24,Failed
906,891,18,2025-08-06 18:22:16,2025-06-18 05:22:08,On the Way
907,892,20,2025-04-11 04:33:25,2025-04-17 09:44:46,Picked Up
908,893,1,2025-04-10 10:08:34,2025-03-20 03:01:53,Assigned
909,894,19,2025-06-10 14:51:11,2025-02-15 18:47:16,Failed
910,895,22,2025-05-20 09:33:04,2025-07-10 04:43:26,Assigned
911,896,29,2025-07-12 19:25:51,2025-01-28 08:01:31,Picked Up
912,897,25,2025-07-11 06:54:22,2025-03-21 23:55:38,Delivered
913,898,22,2025-01-16 10:25:41,2025-05-15 09:38:14,Picked Up
914,899,13,2025-01-21 23:43:16,2025-03-12 20:07:11,Delivered
915,900,23,2025-08-01 06:23:06,2025-07-16 11:20:23,Failed
916,901,14,2025-05-29 09:16:08,2025-07-20 16:04:23,Picked Up
917,902,16,2025-03-19 12:47:59,2025-07-08 23:48:09,Delivered
918,903,1,2025-08-09 12:00:25,2025-02-08 21:35:20,Assigned
919,904,25,2025-02-13 19:37:44,2025-02-14 05:18:02,On the Way
920,905,26,2025-05-14 02:53:10,2025-07-16 08:18:49,On the Way
921,906,24,2025-01-28 00:17:51,2025-05-15 18:24:00,Picked Up
922,907,1,2025-02-23 09:50:03,2025-01-25 18:24:54,Delivered
923,908,20,2025-02-23 14:05:32,2025-02-26 04:49:27,Assigned
924,909,17,2025-03-09 06:27:19,2025-02-27 09:37:55,On the Way
925,910,30,2025-04-07 16:57:31,2025-06-22 14:48:45,Delivered
926,911,24,2025-06-28 02:51:02,2025-06-25 21:13:30,Delivered
927,912,3,2025-02-11 00:33:29,2025-01-26 02:18:12,Delivered
928,913,4,2025-01-19 10:46:32,2025-06-22 09:54:20,On the Way
929,914,30,2025-01-19 20:31:48,2025-01-13 14:40:43,On the Way
930,915,30,2025-01-30 05:44:45,2025-02-15 02:52:08,On the Way
931,916,5,2025-02-03 10:47:14,2025-08-14 17:40:09,Picked Up
932,917,20,2025-06-19 14:31:15,2025-02-01 17:53:13,Picked Up
933,918,17,2025-02-11 23:28:13,2025-04-27 05:36:24,Delivered
934,919,11,2025-08-06 07:59:40,2025-05-21 11:34:35,Failed
935,920,24,2025-01-02 21:05:29,2025-04-19 19:48:27,On the Way
936,921,29,2025-01-23 16:16:13,2025-07-09 05:26:34,Assigned
937,922,29,2025-05-18 05:31:47,2025-06-23 06:24:59,Assigned
938,923,12,2025-04-30 13:38:11,2025-07-19 02:52:20,Delivered
939,924,26,2025-04-21 16:35:03,2025-02-12 20:16:11,Delivered
940,925,27,2025-07-19 01:49:52,2025-06-28 12:38:01,Picked Up
941,926,17,2025-08-11 16:15:08,2025-07-30 08:56:08,Delivered
942,927,12,2025-07-05 21:25:09,2025-07-24 22:06:19,Failed
943,928,2,2025-05-10 07:50:34,2025-05-13 20:26:14,Failed
944,929,3,2025-08-04 23:05:59,2025-04-05 02:13:36,On the Way
945,930,17,2025-04-10 11:01:22,2025-04-01 01:20:02,Picked Up
946,931,30,2025-04-04 06:23:24,2025-01-07 16:34:48,Picked Up
947,932,29,2025-02-07 15:05:56,2025-06-19 18:08:48,Failed
948,933,30,2025-04-14 12:38:36,2025-04-29 19:38:33,On the Way
949,934,24,2025-04-03 09:14:55,2025-05-16 04:52:39,Delivered
950,935,2,2025-01-18 05:23:01,2025-06-14 03:37:16,Failed
951,936,20,2025-01-11 05:30:38,2025-05-06 12:27:25,Assigned
952,937,5,2025-06-23 19:21:17,2025-02-18 15:59:07,Failed
953,938,15,2025-06-24 01:29:35,2025-03-29 19:07:08,Assigned
954,939,2,2025-04-16 02:11:53,2025-04-20 00:01:52,Assigned
955,940,27,2025-01-30 14:16:19,2025-04-20 20:01:28,Failed
956,941,1,2025-07-25 14:59:55,2025-05-29 00:22:31,Assigned
957,942,18,2025-03-26 08:12:38,2025-05-05 16:24:19,Picked Up
958,943,3,2025-07-30 04:44:19,2025-03-08 11:16:28,On the Way
959,944,17,2025-03-17 05:00:02,2025-03-25 21:01:11,Failed
960,945,16,2025-04-16 03:37:36,2025-01-10 19:58:24,Assigned
961,946,21,2025-02-01 16:58:09,2025-02-26 23:34:34,Delivered
962,947,14,2025-05-26 19:46:07,2025-08-05 05:33:12,Delivered
963,948,3,2025-04-19 06:03:26,2025-04-23 11:03:51,Delivered
964,949,16,2025-08-07 23:36:34,2025-03-15 18:05:30,Picked Up
965,950,22,2025-02-12 00:05:01,2025-08-12 19:11:22,On the Way
966,951,20,2025-07-13 18:09:19,2025-02-19 00:39:34,Assigned
967,952,30,2025-05-22 11:46:50,2025-02-04 13:18:25,On the Way
968,953,29,2025-02-28 10:34:22,2025-07-12 12:47:52,Failed
969,954,12,2025-05-23 15:15:36,2025-07-19 12:32:38,Picked Up
970,955,2,2025-01-01 11:14:06,2025-06-13 14:02:32,Failed
971,956,18,2025-04-20 11:57:05,2025-03-28 14:34:45,Picked Up
972,957,12,2025-07-07 15:10:38,2025-01-02 10:10:06,Picked Up
973,958,30,2025-08-08 06:15:28,2025-07-29 10:58:10,Failed
974,959,11,2025-08-09 02:55:26,2025-05-21 12:14:31,Failed
975,960,30,2025-02-18 01:51:59,2025-04-14 19:16:25,Delivered
976,961,2,2025-03-02 14:03:41,2025-08-04 12:25:49,Delivered
977,962,26,2025-07-17 02:38:14,2025-02-19 16:50:59,Delivered
978,963,18,2025-06-07 06:17:28,2025-07-10 00:56:04,On the Way
979,964,5,2025-03-16 22:02:10,2025-01-23 23:52:16,On the Way
980,965,26,2025-01-10 21:12:51,2025-08-16 04:51:09,Picked Up
981,966,14,2025-03-10 09:22:30,2025-07-02 12:47:36,On the Way
982,967,2,2025-02-06 06:05:28,2025-06-28 08:31:56,On the Way
983,968,11,2025-03-23 23:01:39,2025-03-30 23:33:20,Picked Up
984,969,12,2025-08-15 08:48:10,2025-04-10 13:10:09,Delivered
985,970,27,2025-01-30 04:19:54,2025-01-04 14:48:51,Picked Up
986,971,2,2025-06-26 17:11:08,2025-04-27 08:01:23,Assigned
987,972,23,2025-02-16 04:18:40,2025-03-22 13:56:10,Delivered
988,973,13,2025-06-28 14:06:56,2025-07-12 15:16:43,Picked Up
989,974,27,2025-04-22 11:28:37,2025-01-04 23:02:27,Assigned
990,975,28,2025-03-10 08:02:23,2025-06-12 19:28:50,On the Way
991,976,22,2025-03-24 13:18:09,2025-04-16 08:47:43,On the Way
992,977,21,2025-04-18 20:49:43,2025-04-16 07:00:33,Picked Up
993,978,14,2025-06-03 16:32:02,2025-01-16 07:45:34,Delivered
994,979,3,2025-06-17 00:27:58,2025-07-19 02:58:26,On the Way
995,980,30,2025-05-31 22:47:12,2025-06-25 02:09:45,Picked Up
996,981,15,2025-03-24 01:52:28,2025-01-08 20:42:01,Picked Up
997,982,11,2025-05-08 03:01:23,2025-02-22 20:49:43,Delivered
998,983,14,2025-04-02 14:31:56,2025-05-15 00:34:47,On the Way
999,984,14,2025-07-15 03:19:24,2025-06-06 19:03:52,Assigned
1000,985,24,2025-08-16 23:46:13,2025-05-10 20:47:15,Failed
1001,986,24,2025-07-06 01:50:12,2025-05-25 14:26:22,On the Way
1002,987,25,2025-05-04 06:27:04,2025-02-25 16:12:59,On the Way
1003,988,12,2025-07-31 10:37:09,2025-06-06 14:25:53,Delivered
1004,989,25,2025-03-06 15:00:32,2025-06-12 18:46:27,Delivered
1005,990,12,2025-02-13 00:07:42,2025-08-15 16:27:17,On the Way
1006,991,28,2025-07-18 19:33:29,2025-06-18 22:04:03,On the Way
1007,992,11,2025-05-18 21:27:28,2025-06-13 18:50:24,Failed
1008,993,11,2025-01-23 00:56:15,2025-02-05 19:28:28,Delivered
1009,994,20,2025-03-16 09:13:18,2025-07-27 22:39:02,Delivered
1010,995,5,2025-05-10 02:49:44,2025-05-13 22:23:33,On the Way
1011,996,17,2025-04-13 07:57:51,2025-02-08 12:49:26,Delivered
1012,997,13,2025-06-09 17:52:54,2025-07-26 17:48:51,On the Way
1013,998,23,2025-04-16 04:19:25,2025-04-01 21:36:26,Delivered
1014,999,12,2025-08-05 07:27:23,2025-07-02 10:36:57,Picked Up
1015,1000,20,2025-04-08 10:07:41,2025-01-15 20:31:54,Picked Up
1016,1001,23,2025-04-10 09:17:21,2025-04-25 18:11:15,Picked Up
1017,1002,30,2025-08-08 09:34:11,2025-04-11 02:23:25,Assigned
1018,1003,28,2025-04-06 02:10:48,2025-01-14 22:46:36,Assigned
1019,1004,28,2025-02-15 04:36:52,2025-06-11 17:09:33,Delivered
1020,1005,27,2025-05-02 11:06:58,2025-07-23 22:05:03,Picked Up
1021,1006,12,2025-02-10 06:33:18,2025-02-25 21:03:59,Failed
1022,1007,14,2025-07-06 23:39:20,2025-04-12 23:30:05,Picked Up
1023,1008,27,2025-08-07 02:53:26,2025-05-25 06:01:08,Picked Up
1024,1009,16,2025-02-01 01:11:33,2025-04-08 05:53:53,On the Way
1025,1010,22,2025-06-18 13:10:53,2025-01-23 23:36:41,Assigned
1026,1011,23,2025-04-03 06:53:41,2025-08-01 02:09:30,Failed
1027,1012,20,2025-01-11 22:55:17,2025-07-31 04:53:45,Assigned
1028,1013,16,2025-03-21 05:55:13,2025-08-07 22:04:24,Assigned
1029,1014,15,2025-01-22 11:09:32,2025-02-15 08:30:47,Delivered
1030,1015,18,2025-04-12 02:30:18,2025-07-13 22:39:28,Picked Up
1031,1016,23,2025-03-30 22:10:26,2025-03-23 08:10:02,Failed
1032,1017,25,2025-02-04 19:05:29,2025-03-31 20:50:05,Failed
1033,1018,3,2025-07-11 17:24:05,2025-06-12 00:07:56,Failed
1034,1019,4,2025-04-18 19:59:58,2025-02-10 19:59:32,Delivered
1035,1020,12,2025-06-03 02:01:35,2025-05-01 15:30:57,Delivered
1036,1021,1,2025-03-31 23:18:30,2025-02-25 12:31:16,On the Way
1037,1022,19,2025-06-14 21:08:11,2025-06-16 09:32:24,Delivered
1038,1023,12,2025-07-31 10:22:34,2025-01-10 02:16:19,Failed
1039,1024,2,2025-04-12 13:20:54,2025-06-06 15:36:03,Picked Up
1040,1025,11,2025-03-31 11:02:51,2025-01-31 04:00:30,Picked Up
1041,1026,16,2025-07-13 09:48:30,2025-01-29 16:39:40,On the Way
1042,1027,19,2025-05-08 15:58:49,2025-07-13 22:20:26,Failed
1043,1028,30,2025-02-21 06:00:00,2025-02-19 18:29:56,Picked Up
1044,1029,27,2025-02-13 17:44:41,2025-05-14 03:54:58,Picked Up
1045,1030,30,2025-03-07 15:58:16,2025-01-16 13:31:31,On the Way
1046,1031,19,2025-03-18 21:19:11,2025-06-08 11:16:51,Delivered
1047,1032,26,2025-04-05 15:35:15,2025-02-25 23:32:07,Delivered
1048,1033,25,2025-01-15 11:07:57,2025-07-24 13:25:03,Failed
1049,1034,4,2025-05-06 00:32:47,2025-01-30 11:57:29,On the Way
1050,1035,16,2025-02-19 10:08:32,2025-06-16 09:10:36,On the Way
1051,1036,27,2025-06-11 06:41:24,2025-07-23 16:24:07,Assigned
1052,1037,1,2025-03-18 06:28:40,2025-01-11 01:44:00,Delivered
1053,1038,16,2025-08-11 10:59:23,2025-04-20 14:41:25,Failed
1054,1039,17,2025-03-11 00:55:50,2025-07-17 02:18:25,Assigned
1055,1040,29,2025-07-24 04:04:57,2025-05-08 14:08:41,Assigned
1056,1041,20,2025-04-25 16:38:51,2025-07-03 14:50:04,Failed
1057,1042,5,2025-04-23 08:35:56,2025-03-31 11:53:19,On the Way
1058,1043,30,2025-03-19 01:10:36,2025-06-03 17:24:04,Failed
1059,1044,11,2025-05-28 18:36:14,2025-05-10 09:59:53,Assigned
1060,1045,18,2025-01-07 14:03:49,2025-01-01 07:54:07,Picked Up
1061,1046,1,2025-06-16 09:20:06,2025-05-15 22:44:39,Assigned
1062,1047,27,2025-03-22 03:46:00,2025-06-06 00:22:11,Delivered
1063,1048,27,2025-01-04 16:13:15,2025-06-01 05:39:02,Failed
1064,1049,1,2025-04-08 20:54:22,2025-05-30 20:24:53,Assigned
1065,1050,30,2025-04-10 09:39:10,2025-01-16 22:18:41,Failed
1066,1051,26,2025-07-12 11:25:01,2025-07-16 12:31:22,Picked Up
1067,1052,4,2025-03-10 20:25:59,2025-04-10 01:20:07,On the Way
1068,1053,1,2025-05-21 21:26:02,2025-06-21 04:48:47,Delivered
1069,1054,25,2025-04-09 16:21:09,2025-02-28 11:10:37,Delivered
1070,1055,4,2025-08-16 01:35:12,2025-05-13 03:54:33,Delivered
1071,1056,23,2025-06-02 17:44:40,2025-03-01 03:45:00,Delivered
1072,1057,28,2025-05-22 18:48:32,2025-07-03 13:00:58,Picked Up
1073,1058,19,2025-02-02 16:18:52,2025-03-20 22:10:01,Assigned
1074,1059,30,2025-03-25 00:20:02,2025-05-19 08:10:10,Picked Up
1075,1060,3,2025-06-07 00:10:31,2025-03-08 21:12:42,Delivered
1076,1061,13,2025-08-08 10:25:33,2025-02-23 10:29:36,Delivered
1077,1062,17,2025-04-02 11:41:15,2025-02-09 17:35:32,Assigned
1078,1063,30,2025-02-06 21:27:21,2025-05-02 13:36:17,Assigned
1079,1064,28,2025-07-08 11:55:12,2025-05-08 09:02:27,On the Way
1080,1065,19,2025-03-17 20:18:56,2025-01-27 20:48:32,Assigned
1081,1066,11,2025-07-12 21:38:47,2025-03-09 05:24:38,Failed
1082,1067,22,2025-01-17 18:47:10,2025-01-09 18:17:11,Picked Up
1083,1068,24,2025-03-27 13:03:13,2025-03-05 14:27:44,On the Way
1084,1069,24,2025-05-25 13:33:34,2025-02-01 16:43:36,Assigned
1085,1070,13,2025-08-12 06:10:21,2025-02-09 18:36:19,Failed
1086,1071,20,2025-08-17 06:53:01,2025-01-04 05:10:36,On the Way
1087,1072,4,2025-08-06 09:21:22,2025-06-12 00:46:09,Assigned
1088,1073,5,2025-05-18 00:45:39,2025-06-12 16:00:25,Picked Up
1089,1074,24,2025-05-20 15:41:33,2025-08-17 12:18:21,On the Way
1090,1075,14,2025-01-07 19:18:11,2025-06-30 09:08:20,Failed
1091,1076,19,2025-01-18 20:33:41,2025-03-29 22:03:37,On the Way
1092,1077,18,2025-04-18 01:43:00,2025-02-16 13:57:31,Delivered
1093,1078,18,2025-06-08 14:11:25,2025-08-03 05:45:54,Picked Up
1094,1079,27,2025-01-30 10:40:56,2025-01-15 03:39:01,Failed
1095,1080,1,2025-08-02 05:03:40,2025-01-21 09:01:37,On the Way
1096,1081,3,2025-03-22 03:10:48,2025-02-27 22:07:47,Failed
1097,1082,18,2025-02-27 15:11:23,2025-01-22 14:33:43,Failed
1098,1083,15,2025-02-23 19:29:06,2025-03-15 11:04:06,Delivered
1099,1084,2,2025-03-16 04:22:42,2025-07-26 02:46:39,Assigned
1100,1085,22,2025-05-16 10:15:30,2025-06-10 18:42:46,Delivered
1101,1086,20,2025-05-09 20:46:28,2025-05-10 22:56:23,Failed
1102,1087,12,2025-02-11 06:39:42,2025-06-13 19:10:24,Delivered
1103,1088,13,2025-03-30 00:41:19,2025-08-11 12:39:47,Picked Up
1104,1089,23,2025-02-18 04:41:40,2025-02-03 09:12:38,Failed
1105,1090,28,2025-01-01 21:43:44,2025-07-27 04:26:54,Assigned
1106,1091,13,2025-04-29 05:21:07,2025-03-09 00:33:49,Picked Up
1107,1092,21,2025-05-19 11:16:20,2025-04-17 20:18:31,Assigned
1108,1093,19,2025-01-25 19:31:50,2025-02-10 23:13:00,Picked Up
1109,1094,2,2025-01-02 18:10:53,2025-01-01 21:40:50,Picked Up
1110,1095,18,2025-01-06 12:07:42,2025-05-18 16:25:05,Failed
1111,1096,22,2025-02-06 07:37:34,2025-01-10 11:35:18,On the Way
1112,1097,20,2025-04-24 02:51:37,2025-06-14 11:16:25,On the Way
1113,1098,28,2025-07-24 01:42:48,2025-05-27 08:12:45,Picked Up
1114,1099,16,2025-08-04 03:58:20,2025-07-31 08:12:27,Assigned
1115,1100,12,2025-01-29 05:54:11,2025-03-18 17:56:33,On the Way
1116,1101,17,2025-03-23 17:20:12,2025-03-23 02:38:04,Picked Up
1117,1102,3,2025-04-29 18:52:41,2025-02-19 14:45:37,Assigned
1118,1103,16,2025-02-26 04:31:33,2025-05-26 23:33:35,Failed
1119,1104,11,2025-06-19 08:02:28,2025-07-20 00:06:42,Delivered
1120,1105,14,2025-07-23 23:40:55,2025-01-04 17:12:22,On the Way
1121,1106,2,2025-01-24 10:09:50,2025-01-21 19:17:37,On the Way
1122,1107,30,2025-07-16 23:00:31,2025-03-16 17:09:24,Picked Up
1123,1108,23,2025-02-20 10:11:51,2025-07-12 13:43:22,On the Way
1124,1109,28,2025-05-21 08:30:04,2025-08-04 17:53:53,Delivered
1125,1110,1,2025-01-26 14:55:58,2025-02-18 07:38:03,On the Way
1126,1111,27,2025-06-20 00:59:36,2025-03-02 15:11:49,On the Way
1127,1112,11,2025-03-05 22:33:17,2025-04-14 23:17:51,Picked Up
1128,1113,14,2025-01-23 20:51:47,2025-02-11 02:58:32,On the Way
1129,1114,15,2025-04-08 12:02:44,2025-01-26 10:55:55,Failed
1130,1115,12,2025-06-30 17:51:50,2025-06-22 22:07:03,Picked Up
