order_id,customer_id,restaurant_id,order_date,order_status,payment_method,total_price
1,59,7,2025-07-08 02:50:46,Preparing,Wallet,278.01
2,17,6,2025-08-14 07:58:13,On the Way,Wallet,152.25
3,49,7,2025-06-17 16:11:23,Preparing,Card,336.93
4,2,9,2025-02-19 12:14:36,Delivered,Card,250.79
5,19,6,2025-08-05 19:32:33,Preparing,Cash,432.92
6,35,10,2025-07-26 02:07:22,Preparing,Wallet,464.0
7,19,7,2025-05-15 13:32:41,On the Way,Card,229.28
8,58,9,2025-08-17 12:15:20,Cancelled,Card,387.88
9,55,9,2025-02-22 08:39:15,On the Way,Card,297.66
10,62,9,2025-06-28 12:23:37,On the Way,Card,284.65
11,13,9,2025-03-04 08:35:18,On the Way,Cash,462.63
12,30,10,2025-08-17 04:58:53,Pending,Card,411.64
13,30,10,2025-04-11 05:02:38,Cancelled,Cash,485.94
14,5,9,2025-02-22 20:14:47,Delivered,Card,392.74
15,1,8,2025-05-20 19:37:38,On the Way,Cash,292.38
16,19,23,2025-06-25 16:49:38,Cancelled,Wallet,266.74
17,16,15,2025-05-13 02:30:21,Cancelled,Cash,278.62
18,35,22,2025-02-10 06:26:32,Pending,Card,499.55
19,9,10,2025-05-22 05:16:35,Pending,Cash,425.04
20,31,24,2025-03-29 04:20:31,Cancelled,Wallet,110.43
21,50,30,2025-07-17 00:19:01,Delivered,Cash,149.51
22,53,14,2025-05-14 04:09:56,Pending,Wallet,475.8
23,43,6,2025-04-09 01:41:24,Preparing,Card,164.19
24,62,24,2025-07-22 14:17:53,On the Way,Wallet,135.84
25,18,19,2025-01-15 21:04:56,Cancelled,Cash,438.16
26,29,21,2025-06-14 22:57:03,On the Way,Wallet,163.21
27,16,11,2025-06-23 15:07:40,On the Way,Card,412.92
28,58,26,2025-02-02 07:32:54,On the Way,Cash,307.63
29,15,14,2025-06-20 15:36:49,Delivered,Cash,348.34
30,69,30,2025-07-30 05:54:03,Preparing,Card,475.18
31,31,10,2025-07-08 11:55:25,Pending,Card,110.8
32,28,17,2025-08-01 04:54:20,On the Way,Cash,463.32
33,26,24,2025-01-25 18:00:00,On the Way,Card,397.51
34,8,15,2025-05-01 21:07:59,Delivered,Card,466.3
35,62,29,2025-02-08 10:35:20,Pending,Wallet,318.75
36,19,20,2025-04-08 08:12:16,Preparing,Card,180.5
37,31,24,2025-07-02 16:13:11,Cancelled,Cash,384.38
38,15,22,2025-02-19 14:15:04,On the Way,Wallet,225.55
39,66,12,2025-02-14 03:09:51,On the Way,Cash,407.24
40,35,7,2025-06-21 10:02:36,Delivered,Cash,491.3
41,58,21,2025-05-18 23:38:47,Preparing,Wallet,304.74
42,12,23,2025-08-16 07:50:29,Cancelled,Wallet,298.4
43,69,30,2025-06-14 07:24:54,Delivered,Card,243.14
44,63,20,2025-05-30 05:38:46,Cancelled,Cash,336.35
45,52,15,2025-05-14 05:11:33,Cancelled,Wallet,254.18
46,46,9,2025-05-04 18:05:50,Preparing,Wallet,293.23
47,4,26,2025-02-25 07:12:05,On the Way,Wallet,274.34
48,41,29,2025-01-04 11:13:28,Delivered,Wallet,381.39
49,25,28,2025-07-19 11:10:41,Delivered,Cash,470.8
50,51,20,2025-02-27 20:13:27,Delivered,Cash,457.67
51,64,6,2025-01-25 21:10:47,On the Way,Wallet,475.9
52,47,13,2025-06-06 06:51:18,Pending,Wallet,461.03
53,14,28,2025-05-22 12:13:08,On the Way,Wallet,142.05
54,65,11,2025-02-18 23:26:21,On the Way,Cash,467.88
55,13,8,2025-02-01 08:07:50,Pending,Card,488.59
56,58,26,2025-06-29 03:55:28,Delivered,Cash,221.36
57,28,11,2025-04-08 17:47:38,On the Way,Wallet,120.7
58,32,17,2025-07-02 21:58:39,Delivered,Cash,332.05
59,56,11,2025-08-11 16:03:59,Pending,Card,169.52
60,8,14,2025-07-09 04:27:34,Delivered,Cash,104.45
61,44,10,2025-04-27 16:48:44,Pending,Wallet,164.27
62,58,25,2025-04-14 01:12:26,Cancelled,Wallet,355.64
63,23,14,2025-02-20 12:07:15,Pending,Wallet,330.51
64,59,10,2025-05-24 15:45:24,Delivered,Card,377.6
65,2,16,2025-05-13 22:53:58,Pending,Wallet,273.42
66,72,7,2025-01-30 01:13:33,On the Way,Wallet,242.75
67,57,30,2025-07-22 08:14:42,On the Way,Card,354.93
68,44,30,2025-05-01 00:01:40,Pending,Wallet,360.99
69,51,18,2025-07-30 18:49:09,Delivered,Cash,337.79
70,28,13,2025-05-20 10:39:29,Pending,Wallet,147.38
71,54,25,2025-06-26 22:39:21,Pending,Wallet,246.42
72,46,19,2025-02-07 09:39:43,Delivered,Wallet,120.97
73,58,10,2025-05-08 21:13:09,Pending,Card,220.44
74,48,22,2025-01-16 19:17:05,Delivered,Wallet,499.04
75,64,20,2025-01-23 13:51:27,Cancelled,Cash,398.61
76,59,8,2025-01-14 01:01:53,Preparing,Cash,204.14
77,45,24,2025-05-23 10:41:28,Delivered,Cash,451.81
78,8,9,2025-05-30 00:26:29,Pending,Wallet,173.17
79,48,17,2025-05-15 06:49:46,Cancelled,Wallet,139.53
80,14,20,2025-06-27 05:03:21,On the Way,Wallet,113.4
81,17,6,2025-07-05 17:25:55,Delivered,Cash,314.51
82,37,19,2025-06-27 04:00:49,Pending,Card,277.73
83,72,6,2025-01-12 03:24:00,Preparing,Cash,451.19
84,53,10,2025-06-10 17:36:07,Delivered,Cash,281.59
85,26,19,2025-01-30 15:34:43,Delivered,Cash,314.52
86,5,11,2025-05-05 08:09:06,On the Way,Cash,351.53
87,45,30,2025-04-07 07:53:52,Preparing,Wallet,172.21
88,42,17,2025-02-16 10:47:50,Pending,Cash,116.41
89,54,25,2025-05-12 02:47:16,Delivered,Wallet,220.87
90,18,16,2025-05-17 15:44:50,Preparing,Card,296.17
91,7,24,2025-03-09 01:01:09,Pending,Cash,429.67
92,54,11,2025-06-21 01:03:21,Delivered,Card,104.47
93,44,25,2025-05-15 03:38:00,On the Way,Cash,265.88
94,68,26,2025-06-14 14:57:26,On the Way,Wallet,259.61
95,49,30,2025-03-09 06:04:31,Delivered,Card,333.99
96,66,27,2025-01-26 04:53:58,Delivered,Card,179.5
97,16,24,2025-03-19 13:17:05,Cancelled,Cash,421.46
98,27,16,2025-04-13 06:05:50,Preparing,Wallet,190.0
99,6,12,2025-02-02 07:30:08,Cancelled,Wallet,220.8
100,13,24,2025-05-18 01:06:38,Pending,Wallet,331.07
101,30,19,2025-06-04 12:45:13,Pending,Wallet,342.95
102,31,29,2025-05-16 22:42:17,On the Way,Card,182.73
103,23,10,2025-03-21 05:10:54,On the Way,Wallet,311.03
104,48,16,2025-06-11 09:59:43,Pending,Cash,397.01
105,13,17,2025-04-12 10:04:21,Cancelled,Wallet,345.31
106,23,25,2025-06-09 07:54:29,Cancelled,Card,109.37
107,3,9,2025-06-28 04:58:28,Preparing,Wallet,428.69
108,6,28,2025-08-05 06:57:37,On the Way,Wallet,189.6
109,18,12,2025-02-10 03:00:20,Cancelled,Cash,300.18
110,63,18,2025-06-26 03:08:59,Preparing,Cash,390.09
111,37,18,2025-04-22 18:53:12,Preparing,Wallet,350.46
112,23,24,2025-02-21 08:59:46,Pending,Wallet,192.85
113,16,9,2025-01-14 20:01:23,On the Way,Wallet,210.35
114,52,17,2025-06-21 01:43:10,Pending,Wallet,444.13
115,10,22,2025-04-02 01:58:00,Preparing,Card,174.45
116,94,47,2025-05-26 01:04:27,Pending,Cash,456.38
117,109,22,2025-07-21 10:08:48,Preparing,Wallet,276.86
118,52,40,2025-06-11 06:39:27,Pending,Wallet,132.56
119,4,43,2025-08-02 05:37:30,Delivered,Wallet,372.15
120,9,10,2025-08-06 17:38:30,Cancelled,Wallet,274.65
121,71,20,2025-08-08 11:57:46,On the Way,Wallet,205.67
122,77,36,2025-03-28 01:05:08,Delivered,Card,366.57
123,149,29,2025-05-25 23:30:55,Preparing,Cash,148.08
124,93,16,2025-06-16 03:20:56,On the Way,Cash,324.96
125,152,37,2025-06-14 06:46:43,On the Way,Cash,153.89
126,75,38,2025-02-11 06:44:50,Cancelled,Cash,129.8
127,85,21,2025-04-21 01:47:43,Cancelled,Wallet,448.59
128,114,25,2025-01-04 09:12:23,Delivered,Wallet,255.18
129,128,40,2025-08-05 11:36:00,Preparing,Wallet,426.48
130,20,28,2025-05-15 18:11:26,Pending,Wallet,158.61
131,65,24,2025-02-11 04:49:31,Cancelled,Wallet,232.08
132,85,36,2025-02-02 02:18:53,Pending,Wallet,267.61
133,56,18,2025-03-29 10:12:16,Delivered,Cash,374.08
134,158,11,2025-07-10 03:52:36,On the Way,Cash,446.1
135,17,44,2025-01-06 00:30:53,Delivered,Wallet,331.89
136,36,36,2025-08-04 16:06:10,Pending,Cash,249.74
137,157,12,2025-07-09 08:52:24,Pending,Cash,132.97
138,101,7,2025-01-11 01:53:27,Delivered,Wallet,327.26
139,17,40,2025-05-21 17:45:34,Preparing,Cash,238.75
140,120,20,2025-07-27 14:17:05,Delivered,Card,143.38
141,130,39,2025-03-29 17:54:42,Delivered,Card,242.1
142,162,6,2025-05-01 14:28:58,Cancelled,Card,192.78
143,13,47,2025-04-09 20:32:19,Preparing,Cash,424.05
144,33,13,2025-03-02 18:57:52,On the Way,Cash,469.88
145,38,31,2025-07-18 01:46:19,Pending,Card,110.37
146,18,7,2025-06-28 14:08:30,On the Way,Cash,342.02
147,76,32,2025-02-26 21:56:46,On the Way,Wallet,375.32
148,129,16,2025-07-12 07:01:47,Preparing,Cash,155.71
149,75,9,2025-06-17 23:07:41,Delivered,Cash,476.53
150,153,30,2025-02-19 08:37:34,Pending,Card,264.57
151,123,40,2025-07-05 10:11:48,Cancelled,Cash,275.75
152,138,48,2025-02-11 00:20:28,Cancelled,Card,339.94
153,130,14,2025-06-26 03:47:40,Delivered,Card,191.37
154,166,14,2025-03-08 18:26:57,Cancelled,Card,445.06
155,127,22,2025-07-27 00:11:25,Delivered,Card,308.27
156,116,45,2025-05-24 15:30:06,Cancelled,Wallet,320.89
157,55,19,2025-08-09 12:51:24,Cancelled,Cash,459.38
158,9,21,2025-03-08 11:55:19,Delivered,Wallet,205.28
159,159,40,2025-07-04 21:10:17,On the Way,Wallet,417.06
160,39,28,2025-05-30 19:11:55,Preparing,Wallet,338.63
161,171,15,2025-07-17 20:35:32,On the Way,Card,142.81
162,56,33,2025-06-18 06:37:45,On the Way,Wallet,380.34
163,46,47,2025-05-17 06:04:17,Delivered,Wallet,103.41
164,70,50,2025-03-03 13:59:27,Delivered,Cash,164.31
165,44,22,2025-08-08 10:22:06,Delivered,Card,447.83
166,7,40,2025-04-20 05:18:13,Delivered,Card,496.28
167,89,13,2025-04-10 00:31:59,On the Way,Cash,313.04
168,124,17,2025-05-31 06:54:56,On the Way,Card,475.84
169,97,8,2025-05-22 01:22:52,Preparing,Card,328.77
170,113,33,2025-02-08 14:25:16,On the Way,Wallet,347.35
171,15,17,2025-03-24 19:40:56,Preparing,Wallet,394.85
172,15,22,2025-07-18 07:46:24,Pending,Wallet,190.78
173,151,9,2025-07-03 01:06:05,Delivered,Card,108.64
174,133,27,2025-07-02 16:50:32,Preparing,Cash,115.63
175,150,10,2025-02-17 20:12:07,Cancelled,Card,283.57
176,151,33,2025-04-22 14:41:20,Pending,Cash,439.66
177,91,22,2025-05-27 03:26:20,Preparing,Wallet,188.23
178,168,36,2025-07-30 14:27:45,Delivered,Card,488.72
179,139,9,2025-06-26 17:10:49,Preparing,Wallet,304.73
180,3,32,2025-01-11 22:02:47,Pending,Card,259.6
181,2,25,2025-07-29 03:16:40,On the Way,Cash,389.83
182,56,22,2025-04-20 21:01:30,On the Way,Cash,198.51
183,165,49,2025-02-06 07:55:41,Delivered,Card,389.36
184,133,28,2025-06-26 16:13:45,Cancelled,Wallet,496.46
185,172,18,2025-02-01 00:29:29,On the Way,Cash,358.27
186,121,14,2025-08-07 00:57:26,Delivered,Card,160.62
187,19,25,2025-04-29 21:05:47,Delivered,Wallet,355.38
188,9,7,2025-01-03 16:21:41,On the Way,Wallet,142.95
189,66,40,2025-03-28 05:47:53,Cancelled,Cash,485.25
190,65,10,2025-04-24 14:53:19,Cancelled,Wallet,284.95
191,99,27,2025-05-01 01:45:43,Pending,Card,330.51
192,166,25,2025-05-01 18:20:44,Cancelled,Card,137.99
193,114,18,2025-07-22 05:06:55,On the Way,Wallet,366.04
194,142,28,2025-04-03 06:55:36,Delivered,Card,275.95
195,154,31,2025-08-01 11:47:59,Pending,Card,228.33
196,98,6,2025-03-20 17:03:58,On the Way,Cash,282.99
197,134,17,2025-03-10 21:25:08,Delivered,Cash,272.39
198,106,25,2025-05-13 21:36:57,Preparing,Cash,386.54
199,65,12,2025-06-16 07:32:27,Delivered,Cash,413.34
200,14,33,2025-08-07 07:24:25,Pending,Cash,368.69
201,14,16,2025-07-03 12:08:12,On the Way,Wallet,371.49
202,165,50,2025-01-31 02:11:32,Preparing,Card,115.94
203,78,12,2025-03-20 23:04:17,Cancelled,Wallet,292.09
204,160,17,2025-03-20 03:18:51,Cancelled,Card,340.5
205,104,20,2025-08-07 10:32:53,On the Way,Wallet,320.87
206,114,41,2025-05-18 12:18:11,On the Way,Cash,327.35
207,168,33,2025-08-14 20:59:06,On the Way,Cash,142.2
208,90,44,2025-06-25 19:56:48,Preparing,Wallet,369.91
209,141,34,2025-05-26 20:15:12,Delivered,Cash,455.03
210,56,16,2025-03-08 05:55:42,Delivered,Wallet,163.9
211,137,35,2025-01-06 04:55:49,On the Way,Card,135.44
212,143,10,2025-03-11 04:33:36,Cancelled,Cash,103.23
213,161,10,2025-02-24 07:13:47,On the Way,Wallet,427.72
214,83,6,2025-02-10 18:47:02,Cancelled,Wallet,270.45
215,10,40,2025-06-28 15:46:04,On the Way,Card,208.07
216,87,30,2025-01-19 08:42:28,On the Way,Cash,233.24
217,124,44,2025-02-05 11:21:56,On the Way,Card,345.91
218,99,11,2025-06-11 12:22:45,Cancelled,Wallet,158.1
219,127,47,2025-03-12 09:27:20,Cancelled,Cash,469.63
220,115,9,2025-05-31 18:51:35,On the Way,Cash,328.92
221,121,37,2025-06-02 02:16:08,On the Way,Cash,428.58
222,77,29,2025-03-02 22:52:45,Preparing,Cash,107.92
223,42,20,2025-04-03 08:15:40,On the Way,Cash,170.8
224,73,27,2025-05-19 01:27:02,Pending,Cash,240.42
225,57,41,2025-07-18 07:51:55,Delivered,Wallet,142.36
226,77,8,2025-01-08 09:35:34,Delivered,Wallet,487.92
227,82,43,2025-03-09 06:34:42,Pending,Cash,484.86
228,31,25,2025-07-14 04:29:44,On the Way,Card,352.46
229,7,13,2025-08-10 18:53:28,On the Way,Cash,192.75
230,60,34,2025-05-23 01:00:21,Pending,Wallet,324.7
231,57,8,2025-04-28 05:44:51,Delivered,Card,103.83
232,28,30,2025-06-11 15:24:42,Delivered,Wallet,320.28
233,145,34,2025-02-04 16:48:17,On the Way,Wallet,339.19
234,24,21,2025-06-16 09:12:59,Cancelled,Card,371.05
235,87,11,2025-05-02 21:48:08,On the Way,Card,121.17
236,25,41,2025-01-04 18:39:39,Pending,Card,150.0
237,97,40,2025-06-20 06:09:35,Preparing,Wallet,467.5
238,157,6,2025-06-11 19:28:54,On the Way,Card,109.63
239,107,16,2025-04-20 12:33:19,Preparing,Wallet,135.18
240,58,8,2025-04-23 23:25:04,Delivered,Wallet,216.38
241,163,15,2025-01-26 22:47:14,Delivered,Wallet,431.82
242,4,30,2025-01-02 08:36:12,Cancelled,Wallet,474.67
243,7,21,2025-01-26 03:34:39,On the Way,Cash,332.2
244,158,47,2025-07-28 00:14:58,Preparing,Card,340.96
245,109,36,2025-06-08 10:36:52,Preparing,Wallet,456.26
246,171,14,2025-04-16 04:09:16,Delivered,Wallet,418.3
247,49,16,2025-07-03 03:19:18,Delivered,Wallet,396.42
248,52,29,2025-03-28 06:04:03,Pending,Cash,245.64
249,163,6,2025-05-29 23:36:34,On the Way,Card,100.11
250,32,26,2025-01-28 16:27:26,On the Way,Card,177.11
251,117,36,2025-04-06 18:59:24,Delivered,Cash,460.03
252,59,12,2025-05-24 10:36:35,Delivered,Card,290.27
253,170,7,2025-08-16 10:24:04,On the Way,Cash,170.81
254,43,31,2025-07-08 00:06:03,Cancelled,Card,310.03
255,63,38,2025-05-01 23:59:21,Cancelled,Card,361.68
256,156,36,2025-04-03 14:45:39,Delivered,Wallet,481.89
257,170,49,2025-02-11 10:55:44,Pending,Card,184.09
258,75,32,2025-08-11 20:33:34,Cancelled,Card,169.64
259,31,12,2025-03-05 15:37:16,On the Way,Wallet,155.78
260,138,28,2025-04-03 23:12:46,Delivered,Wallet,478.68
261,70,49,2025-07-03 11:22:44,Delivered,Wallet,151.47
262,14,28,2025-06-29 18:56:48,Cancelled,Cash,264.47
263,50,49,2025-08-10 16:17:22,Pending,Cash,119.99
264,125,13,2025-05-29 23:56:16,Pending,Cash,123.84
265,37,17,2025-02-28 18:51:05,Delivered,Cash,318.28
266,127,9,2025-02-26 07:47:58,Pending,Cash,334.25
267,84,36,2025-05-27 14:19:40,Cancelled,Wallet,332.59
268,95,8,2025-01-15 06:50:53,Delivered,Card,492.85
269,120,39,2025-02-06 01:32:51,Pending,Wallet,110.97
270,127,19,2025-07-13 19:44:02,On the Way,Cash,495.4
271,76,7,2025-08-13 10:47:40,Delivered,Wallet,279.04
272,126,27,2025-06-09 03:02:40,Preparing,Wallet,355.83
273,143,7,2025-05-11 02:57:20,Preparing,Cash,243.32
274,116,11,2025-05-10 09:52:46,On the Way,Card,496.75
275,78,47,2025-01-29 15:01:57,On the Way,Wallet,365.41
276,17,46,2025-08-06 03:53:04,Cancelled,Card,226.37
277,100,46,2025-02-07 18:55:39,On the Way,Card,445.7
278,62,45,2025-07-02 03:36:57,Delivered,Wallet,168.35
279,45,46,2025-05-02 10:23:48,Delivered,Card,323.96
280,104,15,2025-03-01 08:19:50,On the Way,Card,327.19
281,52,28,2025-03-07 20:53:33,Delivered,Card,118.0
282,145,9,2025-07-23 19:02:56,On the Way,Wallet,477.69
283,153,14,2025-05-25 06:52:00,Cancelled,Card,294.88
284,143,18,2025-01-30 08:44:04,Delivered,Card,126.53
285,113,42,2025-05-27 09:59:49,Cancelled,Cash,249.18
286,77,32,2025-07-17 13:59:39,Pending,Wallet,490.5
287,157,41,2025-04-13 08:07:08,On the Way,Card,263.78
288,124,9,2025-03-31 02:10:33,Delivered,Cash,290.35
289,116,32,2025-07-01 00:51:33,Delivered,Cash,330.36
290,128,29,2025-01-16 07:16:52,Delivered,Card,190.75
291,40,18,2025-05-27 08:14:17,Cancelled,Cash,350.78
292,108,34,2025-06-28 14:56:39,Preparing,Card,264.6
293,123,9,2025-05-26 17:27:18,Pending,Wallet,109.41
294,58,50,2025-07-22 23:52:31,Delivered,Cash,252.14
295,3,30,2025-04-13 09:48:41,Preparing,Cash,212.53
296,55,22,2025-04-21 16:04:40,Delivered,Cash,173.29
297,8,32,2025-01-27 10:52:42,Delivered,Cash,327.83
298,113,47,2025-03-16 07:33:49,Pending,Card,477.08
299,11,30,2025-06-01 18:21:15,Cancelled,Wallet,319.44
300,150,17,2025-07-01 08:04:24,Cancelled,Cash,218.13
301,23,36,2025-07-29 17:37:54,Delivered,Card,312.69
302,100,37,2025-07-16 08:29:32,Cancelled,Card,210.92
303,82,41,2025-01-24 05:37:56,Cancelled,Wallet,441.99
304,15,48,2025-08-08 11:59:07,Delivered,Wallet,438.37
305,76,40,2025-07-12 09:52:27,Pending,Card,306.19
306,16,46,2025-07-24 18:04:30,Preparing,Cash,370.47
307,36,11,2025-01-02 06:17:03,Preparing,Cash,453.36
308,9,22,2025-07-30 20:34:38,Preparing,Card,359.61
309,78,8,2025-02-27 00:42:52,Preparing,Card,302.92
310,79,35,2025-06-05 13:21:13,On the Way,Card,396.01
311,4,19,2025-03-07 23:36:08,Pending,Card,499.22
312,62,23,2025-03-19 13:00:24,Pending,Card,162.19
313,17,11,2025-03-23 11:00:08,Delivered,Cash,127.95
314,160,10,2025-01-01 09:09:14,Delivered,Wallet,247.65
315,73,43,2025-04-23 20:46:33,Cancelled,Card,484.42
316,102,7,2025-02-18 12:04:47,Cancelled,Wallet,419.29
317,103,38,2025-01-06 19:52:16,On the Way,Cash,304.83
318,161,12,2025-07-17 04:12:49,Pending,Cash,184.79
319,67,50,2025-07-03 09:11:17,On the Way,Cash,214.04
320,149,43,2025-05-18 18:31:35,Pending,Cash,188.11
321,145,47,2025-04-19 18:09:57,Preparing,Cash,414.81
322,77,8,2025-03-08 08:25:15,Delivered,Wallet,429.92
323,120,40,2025-02-16 23:12:54,Cancelled,Card,225.05
324,155,11,2025-04-09 18:12:12,Cancelled,Cash,283.41
325,128,22,2025-08-03 14:59:44,Cancelled,Cash,376.91
326,153,20,2025-06-03 20:48:33,Delivered,Wallet,336.68
327,42,21,2025-06-09 03:22:29,Pending,Card,184.53
328,2,32,2025-02-25 17:39:20,Delivered,Cash,268.7
329,144,27,2025-05-25 22:31:02,Pending,Wallet,294.53
330,161,44,2025-05-16 10:53:22,Pending,Card,259.02
331,167,45,2025-02-21 06:12:56,Cancelled,Wallet,204.85
332,65,46,2025-03-31 02:48:59,Pending,Card,420.15
333,60,30,2025-04-07 17:17:23,Cancelled,Cash,455.3
334,65,9,2025-06-27 11:16:20,On the Way,Cash,277.44
335,7,10,2025-03-04 19:27:08,Cancelled,Card,343.42
336,102,46,2025-04-23 01:20:02,Preparing,Wallet,209.91
337,167,32,2025-01-22 16:51:08,On the Way,Cash,337.67
338,133,22,2025-02-10 11:04:43,Preparing,Card,217.5
339,116,33,2025-08-12 12:50:06,Pending,Cash,223.91
340,68,14,2025-03-17 05:42:16,Delivered,Cash,343.89
341,117,9,2025-04-11 10:51:51,On the Way,Card,210.59
342,102,10,2025-05-25 06:59:39,Pending,Wallet,110.58
343,28,25,2025-01-27 20:41:12,Cancelled,Card,399.32
344,53,43,2025-01-17 05:40:36,Pending,Wallet,137.42
345,55,7,2025-03-10 23:28:18,Pending,Wallet,173.07
346,151,9,2025-06-16 16:23:19,Pending,Card,417.88
347,130,13,2025-06-27 07:17:52,Cancelled,Card,121.71
348,58,43,2025-07-25 23:48:35,Cancelled,Cash,250.82
349,47,12,2025-02-15 14:54:34,Pending,Cash,197.42
350,91,15,2025-07-25 19:07:41,On the Way,Card,199.82
351,171,12,2025-05-11 08:53:20,Preparing,Card,128.27
352,103,47,2025-07-09 11:59:05,On the Way,Cash,109.54
353,93,18,2025-07-21 18:18:51,Delivered,Cash,436.4
354,123,21,2025-05-09 01:55:51,Preparing,Card,395.69
355,67,24,2025-08-10 08:38:58,Delivered,Wallet,310.02
356,113,48,2025-04-22 07:11:40,Cancelled,Wallet,355.55
357,88,28,2025-03-23 13:20:01,Preparing,Wallet,127.04
358,130,49,2025-01-29 01:27:38,Pending,Wallet,430.66
359,11,21,2025-07-28 11:57:16,Pending,Card,434.76
360,115,34,2025-02-14 15:52:20,Delivered,Cash,393.4
361,166,44,2025-03-12 19:43:21,Cancelled,Cash,296.08
362,25,48,2025-02-15 22:25:42,Pending,Cash,334.93
363,8,41,2025-04-25 11:13:14,On the Way,Card,166.54
364,50,17,2025-01-20 15:51:17,Delivered,Card,156.26
365,108,20,2025-06-23 19:22:25,On the Way,Card,246.59
366,161,46,2025-08-01 01:48:09,Pending,Cash,163.47
367,12,17,2025-03-22 06:32:42,Delivered,Cash,348.04
368,105,8,2025-05-19 00:56:28,Preparing,Cash,247.55
369,118,29,2025-07-20 09:41:02,Cancelled,Cash,327.62
370,45,25,2025-01-06 06:26:11,Cancelled,Wallet,203.96
371,39,12,2025-05-08 13:36:14,Preparing,Cash,367.87
372,117,17,2025-05-18 13:33:45,Pending,Cash,469.67
373,170,16,2025-06-04 23:30:35,Cancelled,Wallet,170.63
374,98,43,2025-01-05 12:10:44,Preparing,Card,409.28
375,66,37,2025-05-31 20:43:13,On the Way,Cash,350.9
376,35,22,2025-02-16 10:27:33,Preparing,Card,454.81
377,99,6,2025-02-10 08:59:11,Cancelled,Card,274.04
378,102,11,2025-01-10 15:15:03,Cancelled,Card,478.77
379,42,42,2025-03-15 02:18:24,Cancelled,Cash,303.52
380,109,22,2025-06-17 15:01:47,Pending,Cash,458.91
381,78,35,2025-01-05 13:17:33,On the Way,Card,423.4
382,154,8,2025-07-04 07:25:43,On the Way,Wallet,246.65
383,91,48,2025-03-04 13:04:39,Cancelled,Card,473.17
384,12,32,2025-05-17 15:04:15,Pending,Cash,216.38
385,135,18,2025-03-02 03:01:50,Delivered,Cash,155.39
386,33,25,2025-08-03 19:09:06,Pending,Card,334.32
387,99,35,2025-06-19 05:18:15,On the Way,Cash,346.67
388,172,26,2025-07-03 07:26:27,Preparing,Wallet,417.31
389,171,23,2025-06-15 12:29:01,Preparing,Card,220.76
390,167,7,2025-02-07 05:19:08,Cancelled,Cash,118.85
391,17,34,2025-05-24 22:15:46,Pending,Cash,454.5
392,24,41,2025-06-18 16:00:33,Delivered,Cash,345.01
393,77,42,2025-01-18 10:07:42,Cancelled,Card,170.29
394,31,13,2025-01-04 03:26:58,Delivered,Wallet,315.27
395,37,50,2025-07-05 11:53:38,Preparing,Cash,470.86
396,41,31,2025-06-13 21:54:54,Cancelled,Cash,429.23
397,35,37,2025-01-17 13:20:42,Pending,Wallet,343.15
398,120,15,2025-03-09 21:55:08,Cancelled,Cash,413.87
399,165,48,2025-05-01 21:55:22,Pending,Wallet,345.24
400,88,9,2025-07-26 01:34:57,On the Way,Cash,495.34
401,57,15,2025-02-11 05:17:34,Cancelled,Cash,282.38
402,146,13,2025-02-19 20:10:00,Pending,Card,496.95
403,78,47,2025-08-14 06:48:39,On the Way,Cash,367.35
404,1,45,2025-03-10 11:14:50,Cancelled,Card,319.93
405,10,26,2025-07-26 15:51:10,Cancelled,Card,149.86
406,49,37,2025-03-22 01:35:51,Cancelled,Cash,286.75
407,143,35,2025-06-07 02:50:53,Preparing,Card,294.14
408,10,8,2025-03-14 06:00:33,Cancelled,Cash,390.46
409,140,41,2025-02-07 12:55:55,Preparing,Cash,252.23
410,164,49,2025-06-04 10:25:39,Preparing,Cash,389.64
411,131,41,2025-01-04 14:24:49,Preparing,Wallet,333.09
412,16,7,2025-06-07 10:26:29,Cancelled,Cash,377.56
413,44,22,2025-06-06 11:16:16,Cancelled,Cash,436.98
414,51,33,2025-03-19 15:49:25,Preparing,Cash,394.93
415,107,40,2025-07-28 05:21:34,Cancelled,Wallet,212.24
416,141,21,2025-03-27 04:19:55,On the Way,Card,321.55
417,66,16,2025-01-11 20:35:18,On the Way,Cash,180.14
418,17,21,2025-06-16 20:25:49,Delivered,Card,440.85
419,33,22,2025-05-18 10:51:37,Pending,Wallet,219.14
420,118,11,2025-03-04 17:27:45,Cancelled,Card,326.81
421,156,49,2025-07-19 14:10:16,Preparing,Card,467.19
422,24,14,2025-07-04 19:05:27,On the Way,Cash,358.59
423,128,23,2025-04-26 01:08:34,Pending,Card,331.68
424,2,45,2025-04-25 14:31:51,Pending,Card,397.21
425,168,7,2025-04-08 15:42:51,Pending,Cash,350.94
426,107,30,2025-05-22 19:26:00,Pending,Cash,100.72
427,122,29,2025-07-02 12:13:43,Preparing,Wallet,160.86
428,98,43,2025-01-07 11:02:26,Preparing,Card,444.43
429,95,8,2025-06-11 23:52:44,On the Way,Card,491.69
430,84,18,2025-01-04 06:41:50,On the Way,Wallet,304.67
431,116,41,2025-06-05 19:00:34,Preparing,Card,330.43
432,40,45,2025-03-11 16:00:35,Cancelled,Wallet,425.76
433,98,13,2025-04-24 16:30:50,Cancelled,Cash,164.31
434,19,29,2025-04-18 19:58:00,Cancelled,Cash,191.31
435,160,7,2025-01-21 18:22:37,On the Way,Cash,406.27
436,80,22,2025-05-05 13:01:33,Cancelled,Wallet,327.54
437,165,18,2025-02-16 18:33:53,Preparing,Card,245.48
438,116,13,2025-07-30 10:54:44,On the Way,Card,408.08
439,13,10,2025-03-12 06:08:48,Pending,Cash,353.34
440,164,18,2025-08-16 22:42:20,Preparing,Card,189.16
441,28,40,2025-05-15 14:59:59,Delivered,Card,200.92
442,73,37,2025-03-17 01:06:09,Pending,Card,308.24
443,82,42,2025-03-29 06:33:07,Delivered,Cash,468.45
444,82,30,2025-04-08 10:10:10,On the Way,Wallet,111.6
445,162,30,2025-02-12 08:14:18,Cancelled,Wallet,159.19
446,72,9,2025-06-08 19:30:46,Delivered,Cash,170.12
447,6,7,2025-01-01 14:30:05,Preparing,Wallet,399.31
448,170,29,2025-06-19 11:31:37,Cancelled,Card,267.65
449,163,29,2025-03-26 00:27:05,On the Way,Card,121.54
450,72,33,2025-01-03 11:22:48,Delivered,Card,221.91
451,121,12,2025-02-11 23:50:41,On the Way,Cash,106.36
452,33,13,2025-05-29 09:45:13,Cancelled,Card,371.62
453,124,11,2025-07-16 09:15:38,On the Way,Cash,355.46
454,99,15,2025-07-31 17:23:26,Pending,Cash,243.05
455,27,26,2025-02-27 15:33:24,Pending,Card,219.7
456,75,11,2025-08-14 17:05:44,Delivered,Wallet,296.47
457,103,27,2025-06-12 07:00:49,Cancelled,Card,229.33
458,24,13,2025-07-25 21:32:59,Pending,Cash,331.32
459,117,12,2025-08-17 11:53:31,Cancelled,Wallet,385.06
460,147,10,2025-04-26 03:13:04,Cancelled,Card,315.78
461,34,11,2025-06-12 07:15:48,Cancelled,Cash,366.07
462,90,49,2025-03-13 08:44:52,Cancelled,Wallet,465.91
463,66,11,2025-04-07 15:34:31,Delivered,Cash,198.06
464,85,44,2025-07-26 14:44:56,Delivered,Cash,261.67
465,107,18,2025-03-04 10:20:51,Preparing,Card,364.13
466,24,45,2025-04-14 08:32:20,Pending,Wallet,448.79
467,158,45,2025-01-29 11:03:17,Cancelled,Cash,461.48
468,37,12,2025-06-15 12:56:23,Cancelled,Cash,285.77
469,108,7,2025-08-09 01:15:42,Cancelled,Card,263.75
470,104,11,2025-05-22 22:56:45,Pending,Wallet,431.07
471,111,37,2025-06-07 06:43:04,Delivered,Card,129.0
472,115,21,2025-02-04 21:33:35,Pending,Card,481.65
473,113,48,2025-07-09 04:54:05,Preparing,Cash,292.04
474,2,29,2025-04-29 13:05:37,Preparing,Card,417.89
475,16,28,2025-01-31 02:00:52,Preparing,Cash,232.17
476,121,30,2025-01-30 12:57:42,Cancelled,Wallet,438.73
477,52,44,2025-01-27 00:45:42,On the Way,Card,107.41
478,87,46,2025-08-12 18:18:16,On the Way,Card,348.24
479,118,6,2025-08-17 06:16:35,Cancelled,Cash,155.77
480,171,11,2025-05-16 17:01:36,Delivered,Card,261.12
481,112,26,2025-06-30 22:45:47,Delivered,Card,191.51
482,58,16,2025-05-30 15:50:45,Cancelled,Wallet,337.62
483,20,20,2025-04-14 08:21:23,Pending,Cash,496.11
484,38,42,2025-06-28 07:21:37,Pending,Cash,188.33
485,172,13,2025-07-22 19:55:08,Cancelled,Cash,225.27
486,141,49,2025-02-04 06:08:48,Preparing,Card,195.92
487,111,11,2025-01-03 04:07:20,On the Way,Card,203.71
488,170,23,2025-06-23 00:03:34,Preparing,Wallet,226.17
489,108,48,2025-07-23 04:40:27,Cancelled,Card,268.6
490,125,12,2025-06-10 02:48:37,Pending,Card,197.54
491,138,45,2025-01-19 19:50:59,Cancelled,Wallet,322.78
492,136,36,2025-05-27 23:06:07,Cancelled,Card,318.25
493,38,45,2025-04-22 21:53:00,Delivered,Wallet,102.43
494,65,24,2025-04-02 10:48:11,Preparing,Card,379.07
495,119,27,2025-02-19 10:54:59,On the Way,Cash,178.66
496,114,21,2025-01-09 16:36:21,Preparing,Cash,154.24
497,148,46,2025-02-21 02:11:53,Preparing,Cash,277.13
498,35,18,2025-07-11 07:10:06,Preparing,Wallet,116.29
499,158,33,2025-01-15 10:18:27,Cancelled,Cash,334.18
500,112,20,2025-08-12 09:55:53,Delivered,Card,275.0
501,41,48,2025-07-28 06:12:06,Preparing,Wallet,333.06
502,79,23,2025-03-22 18:57:47,Delivered,Card,111.86
503,171,47,2025-03-01 02:43:15,Pending,Wallet,280.38
504,148,39,2025-05-20 00:08:54,Pending,Wallet,162.32
505,150,18,2025-04-04 16:10:35,Delivered,Wallet,491.04
506,127,14,2025-02-18 03:47:22,On the Way,Wallet,416.88
507,162,48,2025-03-31 15:26:21,Cancelled,Wallet,242.64
508,110,34,2025-07-11 22:13:16,Delivered,Cash,147.34
509,54,44,2025-01-17 07:04:24,Preparing,Cash,176.05
510,28,31,2025-06-07 04:21:58,Delivered,Wallet,121.55
511,76,21,2025-04-30 23:05:58,Cancelled,Card,455.34
512,24,25,2025-07-14 05:28:39,Delivered,Card,490.25
513,108,18,2025-01-09 21:00:34,On the Way,Cash,327.28
514,90,7,2025-03-24 16:26:37,On the Way,Cash,394.31
515,131,42,2025-06-24 23:13:38,Pending,Wallet,356.34
516,171,43,2025-04-04 16:52:32,Pending,Card,132.31
517,90,25,2025-05-26 00:47:54,Delivered,Cash,217.53
518,34,40,2025-05-31 02:06:29,Cancelled,Cash,176.6
519,75,36,2025-01-09 17:00:43,Delivered,Wallet,174.58
520,90,36,2025-02-15 21:17:44,Pending,Wallet,454.41
521,35,22,2025-03-22 05:23:11,Pending,Card,319.39
522,65,32,2025-02-22 01:44:25,On the Way,Cash,147.79
523,54,24,2025-07-07 13:32:21,Delivered,Card,384.82
524,14,48,2025-02-04 22:42:39,On the Way,Cash,104.51
525,78,16,2025-05-17 04:27:54,Delivered,Cash,440.62
526,78,41,2025-03-19 06:20:05,Cancelled,Cash,379.02
527,161,47,2025-03-28 07:03:48,On the Way,Card,124.74
528,96,33,2025-01-10 21:32:57,Delivered,Wallet,175.24
529,148,31,2025-07-21 20:58:02,Pending,Cash,230.36
530,18,31,2025-03-30 07:10:58,Cancelled,Cash,443.12
531,71,16,2025-03-12 00:56:37,On the Way,Card,270.67
532,83,28,2025-03-28 07:22:44,On the Way,Wallet,376.88
533,7,45,2025-03-31 08:41:59,Delivered,Card,258.53
534,133,43,2025-03-22 11:07:37,Pending,Wallet,477.4
535,44,41,2025-05-03 19:13:53,Cancelled,Wallet,316.22
536,66,14,2025-06-25 12:47:27,Preparing,Cash,181.21
537,140,44,2025-06-10 21:14:47,Cancelled,Card,413.15
538,131,29,2025-06-12 14:18:23,Pending,Wallet,274.33
539,54,33,2025-05-10 09:01:25,Preparing,Cash,299.4
540,106,49,2025-01-17 05:43:07,Delivered,Wallet,431.23
541,51,18,2025-07-09 06:37:13,Cancelled,Wallet,352.9
542,69,8,2025-03-22 12:28:52,Pending,Card,119.92
543,166,37,2025-04-10 18:50:05,Preparing,Wallet,329.12
544,168,23,2025-05-22 15:54:24,Cancelled,Wallet,488.24
545,146,10,2025-05-10 00:47:18,Delivered,Wallet,414.56
546,39,22,2025-02-01 07:17:58,Pending,Card,301.1
547,101,48,2025-04-06 01:56:46,Preparing,Wallet,170.96
548,24,27,2025-02-01 17:48:50,Cancelled,Wallet,186.05
549,122,9,2025-03-20 15:19:53,On the Way,Cash,297.43
550,25,28,2025-04-12 02:00:25,On the Way,Card,346.12
551,69,32,2025-02-24 22:59:08,Cancelled,Wallet,228.68
552,70,28,2025-04-10 21:19:55,Cancelled,Cash,108.52
553,103,8,2025-02-17 20:06:35,Preparing,Card,468.56
554,153,17,2025-04-30 09:53:18,Pending,Card,176.41
555,92,10,2025-06-22 18:20:25,Delivered,Cash,330.05
556,152,47,2025-07-01 15:58:39,Pending,Cash,153.85
557,10,19,2025-02-10 07:44:49,Delivered,Card,340.91
558,121,8,2025-08-06 07:28:33,Cancelled,Cash,164.47
559,137,8,2025-03-31 12:12:13,Cancelled,Cash,333.57
560,133,23,2025-02-16 08:46:37,Cancelled,Wallet,161.35
561,120,19,2025-04-25 00:12:21,On the Way,Wallet,467.27
562,44,45,2025-05-27 07:40:59,Pending,Cash,425.94
563,142,41,2025-06-12 04:35:04,Delivered,Wallet,251.18
564,165,8,2025-07-27 21:16:30,Pending,Wallet,389.38
565,2,19,2025-06-23 18:14:49,On the Way,Cash,491.14
566,13,19,2025-04-21 13:21:02,Pending,Card,411.54
567,126,40,2025-03-25 12:50:38,On the Way,Card,421.04
568,3,18,2025-07-07 17:35:46,Cancelled,Wallet,301.96
569,36,8,2025-02-26 18:35:04,On the Way,Card,231.63
570,91,23,2025-03-14 21:41:43,Preparing,Cash,156.63
571,43,44,2025-03-16 13:08:40,Delivered,Cash,162.81
572,96,21,2025-04-21 13:26:21,Pending,Wallet,398.64
573,101,41,2025-03-23 21:22:01,Pending,Wallet,156.82
574,154,6,2025-08-04 14:34:06,Preparing,Wallet,232.91
575,161,28,2025-04-29 05:59:41,Cancelled,Cash,171.21
576,154,25,2025-05-26 21:06:18,Delivered,Wallet,132.1
577,36,15,2025-06-06 05:39:28,Cancelled,Wallet,199.47
578,61,11,2025-04-12 12:34:13,Preparing,Wallet,334.2
579,102,20,2025-05-15 08:40:20,Delivered,Cash,441.62
580,45,17,2025-02-11 05:53:05,Cancelled,Card,165.69
581,13,14,2025-02-20 09:06:59,Cancelled,Card,456.56
582,121,47,2025-02-28 23:35:13,On the Way,Card,452.1
583,80,42,2025-01-22 05:42:25,Delivered,Card,126.54
584,24,40,2025-07-29 01:46:51,Cancelled,Card,170.35
585,119,40,2025-02-17 03:37:18,Preparing,Wallet,133.22
586,30,17,2025-04-03 20:24:05,Preparing,Cash,453.25
587,6,13,2025-04-14 20:08:00,Cancelled,Wallet,252.13
588,153,9,2025-08-08 13:59:45,On the Way,Wallet,262.11
589,172,39,2025-03-20 13:19:46,Cancelled,Card,498.95
590,42,20,2025-06-15 23:21:48,Pending,Card,207.83
591,100,42,2025-07-19 10:40:41,On the Way,Cash,299.13
592,140,27,2025-08-09 03:03:12,Cancelled,Card,285.04
593,130,31,2025-01-07 06:14:09,Delivered,Card,315.77
594,148,9,2025-06-10 07:27:57,Delivered,Wallet,116.34
595,136,41,2025-03-27 04:52:34,Pending,Cash,384.28
596,6,20,2025-03-02 17:46:24,On the Way,Cash,266.73
597,50,37,2025-02-08 21:44:19,Preparing,Cash,423.1
598,130,36,2025-07-16 17:27:12,Preparing,Cash,209.52
599,6,20,2025-07-30 06:11:01,Delivered,Wallet,392.72
600,18,49,2025-08-09 10:55:34,Delivered,Cash,389.06
601,167,35,2025-05-19 18:58:46,Pending,Wallet,442.62
602,5,22,2025-03-01 11:25:35,Preparing,Wallet,107.37
603,26,35,2025-05-24 07:06:35,Cancelled,Wallet,159.2
604,127,18,2025-02-09 22:25:12,Preparing,Cash,245.0
605,45,32,2025-05-20 16:45:33,Delivered,Cash,195.41
606,156,45,2025-07-10 17:32:46,Cancelled,Card,113.33
607,165,8,2025-07-26 04:32:12,Delivered,Cash,498.38
608,110,12,2025-07-30 03:55:17,Pending,Wallet,455.12
609,92,46,2025-06-02 12:22:33,Delivered,Cash,495.72
610,163,39,2025-03-13 06:42:53,Preparing,Cash,215.98
611,44,15,2025-02-19 17:42:15,On the Way,Wallet,201.22
612,166,31,2025-02-18 13:54:12,Pending,Wallet,377.17
613,63,42,2025-02-05 19:03:19,On the Way,Card,346.09
614,128,21,2025-02-20 18:00:23,Cancelled,Card,455.59
615,10,29,2025-05-25 10:59:21,On the Way,Card,188.0
616,171,12,2025-04-24 11:20:54,Preparing,Cash,282.2
617,87,36,2025-04-27 16:33:34,Cancelled,Cash,319.79
618,49,25,2025-05-05 07:02:03,Delivered,Wallet,254.58
619,44,21,2025-08-15 17:27:39,Pending,Card,191.34
620,98,35,2025-08-14 06:04:37,Delivered,Wallet,375.31
621,82,32,2025-04-03 06:52:11,Cancelled,Wallet,337.89
622,56,37,2025-07-22 09:54:09,Pending,Cash,231.79
623,61,11,2025-01-09 21:37:24,Preparing,Card,199.47
624,52,27,2025-01-24 06:29:21,Delivered,Cash,192.84
625,26,29,2025-04-27 03:04:58,Pending,Card,143.79
626,39,20,2025-06-07 08:50:34,On the Way,Cash,118.52
627,69,17,2025-05-30 09:39:16,Preparing,Card,246.42
628,131,46,2025-05-07 07:52:57,Preparing,Card,219.15
629,10,21,2025-04-27 13:00:01,Pending,Card,184.32
630,55,26,2025-04-03 00:55:45,Delivered,Wallet,346.12
631,73,45,2025-02-28 22:44:57,Delivered,Card,268.63
632,111,34,2025-08-02 00:16:48,On the Way,Wallet,238.84
633,170,11,2025-06-13 11:20:08,On the Way,Card,280.01
634,145,38,2025-07-01 06:22:46,Cancelled,Wallet,174.51
635,131,39,2025-04-15 15:19:12,On the Way,Cash,214.47
636,68,20,2025-03-24 22:30:52,Preparing,Wallet,454.02
637,116,22,2025-05-23 20:16:26,Preparing,Card,213.67
638,28,19,2025-02-21 07:24:58,Delivered,Card,424.17
639,160,13,2025-07-16 12:04:23,Pending,Card,275.42
640,171,22,2025-04-02 05:22:43,Cancelled,Wallet,390.98
641,26,27,2025-08-12 00:58:07,Preparing,Cash,186.02
642,167,24,2025-03-25 18:11:58,Cancelled,Card,480.5
643,127,25,2025-03-31 22:20:39,Delivered,Card,197.18
644,87,17,2025-01-19 00:29:58,On the Way,Cash,422.97
645,39,10,2025-06-05 00:29:43,On the Way,Cash,302.55
646,31,12,2025-04-06 16:15:41,Pending,Cash,117.17
647,34,31,2025-05-05 06:10:57,Cancelled,Card,292.38
648,84,47,2025-06-01 15:45:39,Delivered,Wallet,228.53
649,58,35,2025-07-19 11:05:47,Pending,Wallet,408.61
650,149,10,2025-02-17 22:40:55,On the Way,Wallet,176.53
651,15,18,2025-05-17 18:16:54,Delivered,Cash,348.79
652,19,49,2025-06-10 20:47:06,Cancelled,Wallet,368.56
653,145,29,2025-07-01 00:25:13,On the Way,Cash,247.64
654,108,15,2025-05-28 05:09:08,Delivered,Wallet,464.37
655,64,27,2025-06-25 16:23:26,Delivered,Cash,301.84
656,160,47,2025-03-24 07:14:28,Delivered,Card,366.18
657,61,20,2025-07-21 22:21:53,On the Way,Cash,243.94
658,53,46,2025-01-15 00:42:16,Preparing,Wallet,149.72
659,24,47,2025-05-28 23:46:59,Cancelled,Wallet,391.48
660,51,14,2025-01-20 01:18:14,On the Way,Wallet,475.21
661,145,9,2025-06-07 13:01:51,Delivered,Cash,184.32
662,158,46,2025-02-07 12:57:05,On the Way,Cash,432.28
663,62,10,2025-02-13 14:14:08,Cancelled,Cash,458.19
664,41,15,2025-03-23 12:23:59,Pending,Cash,292.42
665,141,34,2025-05-10 13:02:47,Pending,Card,298.59
666,70,18,2025-05-23 05:14:06,On the Way,Card,482.16
667,77,10,2025-04-28 18:38:44,On the Way,Wallet,426.78
668,17,43,2025-07-25 13:09:33,Preparing,Cash,168.82
669,51,26,2025-05-19 19:03:39,Delivered,Cash,235.44
670,62,29,2025-04-28 05:08:09,Delivered,Wallet,460.83
671,38,18,2025-07-26 01:11:28,On the Way,Cash,216.67
672,122,43,2025-08-15 18:50:11,Pending,Cash,185.69
673,54,7,2025-03-29 21:36:36,Preparing,Wallet,142.05
674,100,13,2025-02-21 12:22:47,Delivered,Wallet,466.09
675,27,22,2025-02-23 11:11:35,On the Way,Cash,297.81
676,165,22,2025-05-25 08:17:31,Delivered,Cash,493.94
677,30,17,2025-08-11 10:45:54,Delivered,Cash,375.17
678,8,20,2025-05-21 00:53:45,On the Way,Cash,318.8
679,63,30,2025-08-05 14:02:02,Preparing,Wallet,350.49
680,150,25,2025-07-08 18:21:56,On the Way,Card,388.78
681,61,42,2025-03-06 21:22:00,Delivered,Cash,355.77
682,4,35,2025-08-15 21:09:31,Cancelled,Cash,373.05
683,84,45,2025-04-29 02:34:14,Pending,Wallet,279.69
684,125,41,2025-07-06 05:57:27,Pending,Cash,241.71
685,108,13,2025-05-20 07:53:37,Cancelled,Wallet,155.99
686,168,16,2025-03-20 14:04:46,On the Way,Wallet,199.93
687,144,46,2025-01-25 10:32:54,Pending,Cash,384.73
688,7,7,2025-06-09 01:26:30,Delivered,Cash,118.32
689,39,15,2025-03-01 23:24:49,Cancelled,Cash,404.08
690,97,27,2025-06-16 19:05:08,Cancelled,Card,292.74
691,60,47,2025-04-12 17:04:59,Cancelled,Wallet,153.46
692,116,29,2025-06-16 20:37:54,Cancelled,Wallet,456.48
693,5,17,2025-05-28 00:00:03,Preparing,Cash,382.89
694,115,22,2025-08-13 00:13:05,Preparing,Card,427.18
695,109,13,2025-03-24 22:14:12,Preparing,Wallet,341.87
696,110,8,2025-04-28 17:54:26,Delivered,Cash,467.42
697,9,36,2025-08-15 03:51:26,Cancelled,Wallet,117.73
698,169,12,2025-05-05 16:42:35,Pending,Wallet,150.69
699,30,15,2025-05-19 12:37:12,Preparing,Cash,222.47
700,86,40,2025-03-12 17:28:29,Preparing,Card,378.97
701,137,42,2025-08-09 08:11:10,On the Way,Card,436.06
702,80,50,2025-04-24 15:29:43,Delivered,Wallet,374.24
703,47,47,2025-01-18 06:12:00,Cancelled,Cash,187.4
704,105,22,2025-04-11 08:02:05,On the Way,Card,491.22
705,2,45,2025-04-04 21:11:36,On the Way,Cash,302.36
706,11,26,2025-04-21 08:22:13,Pending,Wallet,476.89
707,33,42,2025-04-27 11:12:34,Preparing,Card,472.9
708,136,19,2025-05-16 22:45:24,Cancelled,Card,448.13
709,95,12,2025-07-22 19:43:17,Pending,Wallet,465.27
710,172,18,2025-02-03 08:56:38,Pending,Cash,286.72
711,139,30,2025-05-14 06:56:40,Pending,Card,166.35
712,87,26,2025-06-08 13:11:02,Cancelled,Cash,135.86
713,163,11,2025-01-20 10:50:41,Preparing,Cash,224.98
714,149,45,2025-06-28 05:00:45,Delivered,Cash,382.94
715,164,12,2025-03-16 22:27:42,On the Way,Cash,295.42
716,153,6,2025-03-09 07:15:31,Preparing,Wallet,328.3
717,33,27,2025-02-24 13:11:28,Delivered,Wallet,166.89
718,113,33,2025-07-30 07:18:30,Pending,Cash,139.18
719,19,9,2025-06-19 14:57:28,Pending,Card,365.84
720,100,16,2025-04-10 23:56:52,Cancelled,Card,233.52
721,28,46,2025-05-14 19:12:30,Pending,Card,105.88
722,14,9,2025-03-30 04:35:56,Pending,Wallet,216.31
723,49,41,2025-06-20 20:40:16,On the Way,Wallet,123.42
724,76,49,2025-05-11 23:19:53,Cancelled,Wallet,485.74
725,137,21,2025-05-04 04:47:11,Cancelled,Card,416.21
726,112,49,2025-04-02 14:44:12,Delivered,Cash,431.38
727,154,29,2025-04-23 08:57:17,On the Way,Cash,120.5
728,48,10,2025-04-21 13:49:36,On the Way,Wallet,149.01
729,52,22,2025-03-31 17:00:35,Pending,Wallet,213.06
730,137,42,2025-05-12 12:58:15,On the Way,Card,370.63
731,15,35,2025-04-13 13:35:28,Preparing,Cash,134.75
732,17,17,2025-02-22 21:14:38,Delivered,Card,396.15
733,2,46,2025-06-03 17:27:50,Delivered,Wallet,175.91
734,112,45,2025-05-29 12:01:54,Cancelled,Card,392.91
735,115,45,2025-05-04 18:01:10,Cancelled,Card,336.52
736,47,8,2025-01-03 09:26:56,Delivered,Cash,135.89
737,20,17,2025-03-19 15:27:11,Cancelled,Cash,472.33
738,115,40,2025-08-06 19:18:12,Delivered,Card,256.69
739,51,6,2025-01-28 04:02:45,Delivered,Wallet,479.9
740,70,19,2025-01-03 12:10:56,On the Way,Cash,206.97
741,147,33,2025-04-16 18:59:17,On the Way,Cash,330.93
742,33,23,2025-05-06 01:25:43,On the Way,Wallet,180.33
743,10,8,2025-04-21 15:40:57,On the Way,Cash,162.79
744,107,31,2025-05-03 06:23:03,Cancelled,Wallet,197.67
745,20,20,2025-04-21 05:57:16,On the Way,Card,421.89
746,100,10,2025-06-13 21:08:13,Pending,Card,188.34
747,25,16,2025-04-22 23:23:56,Preparing,Wallet,148.29
748,124,8,2025-07-25 05:09:55,Pending,Cash,171.26
749,161,34,2025-01-22 17:04:26,Cancelled,Wallet,187.62
750,50,34,2025-01-14 14:58:58,Preparing,Card,410.77
751,170,49,2025-05-12 04:49:46,Preparing,Wallet,226.66
752,171,26,2025-04-03 21:08:23,On the Way,Card,476.81
753,121,24,2025-03-20 18:50:07,Pending,Wallet,297.27
754,72,35,2025-04-18 17:51:21,Delivered,Card,342.08
755,32,42,2025-03-01 23:35:16,Preparing,Wallet,493.59
756,125,31,2025-08-03 15:47:49,On the Way,Card,223.39
757,45,17,2025-07-23 11:51:13,Pending,Wallet,481.77
758,9,50,2025-03-16 20:26:55,Preparing,Cash,202.29
759,116,22,2025-05-15 21:42:46,On the Way,Cash,453.56
760,159,38,2025-05-22 15:03:37,On the Way,Card,381.37
761,129,39,2025-01-27 22:45:38,Pending,Wallet,200.85
762,12,6,2025-06-10 07:02:53,Cancelled,Cash,134.9
763,169,48,2025-05-28 01:35:51,On the Way,Card,468.14
764,158,17,2025-03-26 17:23:34,Preparing,Card,238.73
765,138,23,2025-05-26 23:52:36,Preparing,Wallet,384.25
766,69,7,2025-04-02 22:35:07,Preparing,Wallet,323.69
767,162,48,2025-07-07 02:21:30,Preparing,Card,432.08
768,75,35,2025-07-04 14:04:35,Delivered,Wallet,205.16
769,46,41,2025-03-11 09:03:36,On the Way,Cash,425.78
770,146,27,2025-07-02 01:40:55,Cancelled,Card,352.71
771,95,35,2025-03-02 09:55:29,Preparing,Card,344.58
772,119,43,2025-04-13 07:06:01,On the Way,Card,303.08
773,128,43,2025-02-18 08:23:06,Preparing,Cash,178.44
774,150,17,2025-03-16 13:25:15,Preparing,Wallet,250.72
775,170,46,2025-05-23 06:34:16,Preparing,Cash,278.39
776,19,26,2025-08-09 01:19:43,Delivered,Wallet,380.16
777,165,36,2025-07-06 03:49:12,Preparing,Cash,358.65
778,164,48,2025-04-14 01:44:26,On the Way,Wallet,273.69
779,110,26,2025-02-23 01:22:43,Preparing,Wallet,144.53
780,164,9,2025-01-25 02:07:41,Preparing,Wallet,309.76
781,163,48,2025-06-24 02:15:17,Delivered,Card,353.33
782,35,45,2025-02-22 19:02:18,Delivered,Card,493.08
783,49,41,2025-07-20 20:29:41,Cancelled,Wallet,253.64
784,46,48,2025-06-21 07:40:49,Cancelled,Wallet,441.59
785,130,19,2025-07-10 04:26:09,Preparing,Cash,424.21
786,91,15,2025-06-27 03:59:48,Delivered,Cash,374.89
787,63,11,2025-07-22 00:48:01,Cancelled,Wallet,133.44
788,14,50,2025-04-18 08:05:31,On the Way,Card,153.78
789,97,48,2025-06-11 12:12:17,Delivered,Wallet,142.01
790,72,40,2025-01-31 11:21:30,Preparing,Card,171.52
791,75,11,2025-01-17 21:19:24,On the Way,Cash,290.76
792,84,12,2025-08-04 21:23:34,Cancelled,Card,265.68
793,166,39,2025-03-28 19:30:52,Delivered,Wallet,422.36
794,75,35,2025-05-08 15:10:10,Pending,Wallet,187.02
795,163,26,2025-05-23 21:36:56,On the Way,Cash,371.84
796,92,18,2025-02-04 06:12:05,Cancelled,Wallet,473.8
797,156,38,2025-06-23 10:07:18,Delivered,Wallet,204.13
798,75,28,2025-06-09 15:52:11,On the Way,Card,351.11
799,69,37,2025-01-17 00:13:00,Cancelled,Wallet,130.78
800,62,23,2025-06-10 12:29:07,Cancelled,Card,264.01
801,67,14,2025-06-12 16:30:41,Preparing,Card,362.68
802,36,25,2025-07-05 09:20:20,Pending,Card,104.35
803,4,7,2025-03-29 01:07:54,Cancelled,Cash,296.73
804,116,13,2025-06-08 09:22:55,Preparing,Card,220.5
805,16,46,2025-06-02 10:03:56,Preparing,Card,494.07
806,42,37,2025-05-22 14:37:02,Cancelled,Wallet,125.63
807,60,39,2025-03-28 10:20:15,Delivered,Wallet,144.93
808,157,48,2025-04-02 16:08:20,Preparing,Cash,416.26
809,122,49,2025-01-16 17:31:13,Preparing,Card,145.31
810,168,36,2025-06-06 00:30:55,On the Way,Card,127.65
811,120,8,2025-05-10 04:58:41,On the Way,Cash,298.67
812,93,30,2025-07-25 11:22:37,Delivered,Wallet,396.19
813,27,22,2025-07-06 07:57:24,Cancelled,Card,121.98
814,105,6,2025-06-16 22:56:43,On the Way,Wallet,233.76
815,167,35,2025-07-16 01:25:03,Delivered,Cash,468.03
816,166,30,2025-07-16 02:57:21,On the Way,Card,151.45
817,82,22,2025-04-16 23:10:36,Preparing,Wallet,312.89
818,74,14,2025-01-31 15:56:16,On the Way,Card,434.0
819,52,15,2025-03-20 23:04:24,Cancelled,Card,402.59
820,63,18,2025-02-21 08:12:04,Delivered,Wallet,243.26
821,91,30,2025-06-10 14:58:59,Preparing,Card,374.01
822,99,33,2025-03-15 13:02:07,Delivered,Card,437.53
823,48,25,2025-03-23 11:17:33,Cancelled,Wallet,269.7
824,136,28,2025-03-15 16:59:26,On the Way,Card,183.85
825,32,40,2025-05-02 23:24:32,On the Way,Wallet,427.82
826,124,32,2025-01-04 07:37:41,Preparing,Cash,149.93
827,15,8,2025-05-04 13:19:53,On the Way,Wallet,249.27
828,93,47,2025-05-01 01:44:09,Preparing,Card,456.77
829,11,37,2025-06-30 04:58:51,Cancelled,Card,408.43
830,57,25,2025-08-16 15:35:30,On the Way,Wallet,456.29
831,141,21,2025-03-29 13:02:35,Preparing,Cash,230.06
832,151,36,2025-04-05 21:07:47,Delivered,Card,466.44
833,57,13,2025-06-21 10:02:16,Pending,Cash,321.31
834,126,17,2025-07-10 12:25:43,On the Way,Cash,418.21
835,114,48,2025-02-03 07:55:11,Cancelled,Card,263.53
836,86,34,2025-06-13 03:33:17,Cancelled,Cash,211.88
837,141,48,2025-07-31 12:26:12,Cancelled,Cash,255.25
838,35,37,2025-06-19 11:45:21,Pending,Wallet,415.74
839,65,28,2025-01-09 07:17:41,Delivered,Cash,220.8
840,87,17,2025-05-12 16:36:24,Preparing,Card,494.39
841,112,36,2025-01-10 15:39:40,Pending,Wallet,324.98
842,121,11,2025-07-31 03:17:44,Cancelled,Card,428.16
843,128,36,2025-06-12 11:26:27,On the Way,Cash,294.93
844,72,22,2025-08-15 11:10:01,Cancelled,Card,125.75
845,23,23,2025-01-22 15:02:37,On the Way,Cash,195.05
846,162,45,2025-04-04 15:00:28,Cancelled,Cash,458.98
847,17,31,2025-06-22 14:18:50,Cancelled,Wallet,365.91
848,17,10,2025-01-01 01:31:39,Delivered,Cash,316.96
849,123,6,2025-05-27 18:40:47,Preparing,Card,333.32
850,94,12,2025-07-04 15:38:51,Cancelled,Card,311.03
851,71,8,2025-01-05 10:47:42,Preparing,Cash,277.09
852,121,27,2025-06-13 15:08:05,Preparing,Cash,319.37
853,27,32,2025-06-05 14:49:12,Pending,Card,218.15
854,63,20,2025-01-22 06:55:05,On the Way,Wallet,109.05
855,13,18,2025-05-12 06:18:14,Pending,Wallet,169.01
856,107,27,2025-08-17 15:18:27,Delivered,Wallet,148.86
857,78,49,2025-01-09 12:38:11,Delivered,Card,190.96
858,55,30,2025-04-03 18:06:59,On the Way,Cash,487.24
859,148,21,2025-08-09 23:31:41,Delivered,Card,110.1
860,2,19,2025-05-05 05:02:03,Pending,Wallet,466.45
861,37,43,2025-01-21 16:30:09,Cancelled,Cash,275.22
862,90,10,2025-02-19 03:53:54,Delivered,Cash,133.64
863,135,43,2025-06-10 13:21:05,Preparing,Cash,387.56
864,98,6,2025-04-15 08:17:11,Preparing,Wallet,270.36
865,20,43,2025-04-04 14:27:04,On the Way,Wallet,479.13
866,66,19,2025-06-10 05:16:51,Cancelled,Wallet,388.32
867,172,21,2025-01-14 17:48:13,Pending,Card,239.33
868,118,6,2025-03-14 22:50:31,Cancelled,Cash,356.39
869,99,7,2025-03-02 04:00:19,Preparing,Card,186.64
870,167,36,2025-05-05 09:38:22,Cancelled,Cash,174.26
871,92,18,2025-07-14 15:10:23,On the Way,Card,432.43
872,105,30,2025-01-19 22:24:26,Cancelled,Cash,265.85
873,93,30,2025-07-02 19:01:58,On the Way,Cash,295.09
874,164,31,2025-05-21 01:34:53,Preparing,Wallet,100.39
875,70,14,2025-02-23 00:16:39,Preparing,Cash,451.88
876,65,43,2025-06-24 19:13:26,Preparing,Wallet,475.52
877,106,22,2025-03-09 10:51:20,Pending,Card,356.71
878,131,25,2025-06-23 02:46:41,Pending,Cash,155.83
879,33,46,2025-07-11 10:14:40,Pending,Cash,266.38
880,62,38,2025-06-28 21:46:23,Preparing,Card,389.5
881,82,14,2025-05-26 04:45:32,Delivered,Cash,392.87
882,60,13,2025-01-21 01:34:58,On the Way,Wallet,192.26
883,158,40,2025-07-16 08:39:11,Preparing,Wallet,149.82
884,131,43,2025-03-29 09:40:41,Pending,Cash,496.88
885,61,35,2025-04-18 08:04:29,On the Way,Wallet,406.96
886,131,21,2025-07-11 07:05:34,Cancelled,Wallet,119.35
887,111,49,2025-07-31 00:19:47,Preparing,Wallet,349.5
888,96,32,2025-02-01 02:54:26,On the Way,Card,396.35
889,55,15,2025-06-07 21:57:24,Delivered,Cash,375.73
890,123,32,2025-05-29 15:23:17,Delivered,Card,186.81
891,100,43,2025-08-13 23:24:49,Cancelled,Card,499.03
892,5,13,2025-01-28 14:28:13,Delivered,Cash,320.96
893,168,41,2025-07-13 14:04:12,Cancelled,Wallet,138.88
894,137,21,2025-07-04 21:33:50,Pending,Card,255.95
895,103,14,2025-06-22 00:15:25,Preparing,Wallet,221.92
896,44,12,2025-05-07 19:00:21,Delivered,Cash,190.55
897,24,49,2025-04-25 04:16:41,On the Way,Card,302.75
898,135,34,2025-04-03 16:17:47,Pending,Cash,104.24
899,58,26,2025-04-25 17:37:05,Preparing,Card,250.22
900,19,37,2025-06-01 00:13:34,Pending,Wallet,235.27
901,20,25,2025-08-05 07:04:44,Pending,Cash,481.4
902,48,31,2025-03-24 08:48:20,Cancelled,Card,374.52
903,153,21,2025-03-19 04:42:48,Pending,Cash,216.56
904,28,22,2025-07-15 20:51:30,Preparing,Wallet,325.35
905,24,22,2025-05-19 04:28:59,On the Way,Wallet,435.03
906,101,20,2025-07-30 16:31:59,Pending,Card,323.38
907,2,31,2025-06-23 10:40:17,Pending,Wallet,300.74
908,160,49,2025-03-24 10:07:42,Preparing,Wallet,259.3
909,119,50,2025-04-06 09:10:51,Preparing,Wallet,480.52
910,164,18,2025-03-28 19:49:35,On the Way,Wallet,246.65
911,49,45,2025-04-22 22:04:22,Pending,Cash,369.84
912,1,33,2025-01-07 16:20:31,Pending,Card,349.43
913,143,34,2025-03-05 01:46:08,Preparing,Wallet,391.87
914,99,49,2025-07-22 16:15:53,Delivered,Card,217.35
915,49,39,2025-01-24 23:24:47,Pending,Cash,436.5
916,172,30,2025-02-19 17:17:47,Pending,Wallet,381.06
917,163,45,2025-05-08 10:00:42,Pending,Wallet,231.77
918,123,29,2025-04-14 16:17:47,Delivered,Card,219.0
919,143,39,2025-07-09 07:03:38,Cancelled,Cash,342.46
920,145,37,2025-01-22 06:29:02,Cancelled,Cash,442.19
921,88,34,2025-08-12 17:29:24,Delivered,Card,305.3
922,61,40,2025-08-10 10:38:01,Delivered,Wallet,401.25
923,160,8,2025-04-18 20:59:17,On the Way,Wallet,217.77
924,166,28,2025-06-19 03:13:14,Cancelled,Wallet,461.66
925,148,49,2025-04-08 02:31:35,Pending,Card,137.29
926,15,30,2025-03-10 05:14:50,Cancelled,Wallet,184.41
927,47,42,2025-08-05 01:34:03,Cancelled,Cash,323.26
928,135,21,2025-01-24 13:41:31,Cancelled,Wallet,165.93
929,35,19,2025-02-11 03:23:12,On the Way,Cash,432.35
930,45,35,2025-01-06 01:39:33,On the Way,Cash,498.43
931,17,32,2025-05-07 15:35:53,Pending,Card,269.62
932,147,7,2025-01-24 10:03:14,Delivered,Wallet,207.62
933,105,23,2025-03-01 23:52:19,On the Way,Wallet,380.79
934,166,38,2025-02-27 03:09:34,Cancelled,Cash,205.49
935,25,6,2025-07-04 13:25:36,Preparing,Wallet,198.71
936,35,44,2025-03-09 17:32:20,Cancelled,Card,187.04
937,54,46,2025-07-04 08:33:34,Cancelled,Wallet,336.84
938,17,25,2025-01-08 17:59:01,Preparing,Cash,293.24
939,146,15,2025-02-01 23:46:21,Preparing,Cash,496.57
940,108,34,2025-04-12 00:28:25,On the Way,Wallet,303.64
941,59,22,2025-07-07 10:59:24,Delivered,Cash,232.71
942,13,21,2025-07-04 19:40:46,On the Way,Cash,423.06
943,88,49,2025-01-11 01:03:47,Preparing,Card,416.53
944,85,12,2025-01-03 06:30:27,Preparing,Card,253.32
945,92,41,2025-06-04 18:56:40,Preparing,Wallet,302.9
946,36,26,2025-06-10 02:58:41,Delivered,Cash,235.55
947,35,50,2025-08-02 11:47:55,Pending,Wallet,440.33
948,137,42,2025-05-21 12:59:13,Pending,Card,157.62
949,99,12,2025-05-03 07:53:32,Delivered,Wallet,476.09
950,35,44,2025-01-30 09:04:49,Preparing,Cash,316.75
951,109,33,2025-04-16 11:07:51,Preparing,Card,114.33
952,99,25,2025-02-01 20:04:51,On the Way,Wallet,371.91
953,163,32,2025-01-09 20:21:22,Cancelled,Card,342.69
954,119,35,2025-08-08 04:41:59,Pending,Card,402.61
955,52,45,2025-02-11 13:04:56,On the Way,Card,217.66
956,166,21,2025-05-13 06:22:14,Delivered,Cash,156.82
957,50,17,2025-07-21 19:29:54,Preparing,Card,182.52
958,94,7,2025-05-25 20:51:34,On the Way,Wallet,247.44
959,9,38,2025-02-22 06:07:35,On the Way,Cash,440.76
960,96,32,2025-06-11 09:39:13,Delivered,Wallet,116.54
961,70,9,2025-02-18 00:20:18,Cancelled,Card,235.65
962,24,6,2025-01-19 20:39:24,Preparing,Cash,458.29
963,136,38,2025-02-12 05:41:29,Preparing,Card,436.84
964,161,18,2025-04-04 07:44:47,Pending,Cash,386.13
965,131,38,2025-08-02 20:37:11,On the Way,Card,495.31
966,111,44,2025-08-02 18:49:51,Delivered,Cash,468.56
967,126,42,2025-07-15 21:06:43,Cancelled,Card,198.62
968,79,33,2025-08-01 13:11:13,On the Way,Wallet,147.14
969,101,35,2025-04-26 06:41:32,Delivered,Card,201.97
970,16,20,2025-06-18 00:04:20,Pending,Cash,281.8
971,163,23,2025-08-02 17:04:39,Delivered,Card,149.54
972,40,34,2025-04-05 01:03:12,Delivered,Cash,213.09
973,115,20,2025-07-24 18:49:53,Delivered,Cash,447.36
974,114,24,2025-01-28 07:32:22,Preparing,Card,397.72
975,131,36,2025-02-23 18:31:18,Pending,Cash,477.13
976,82,25,2025-03-29 08:57:29,Pending,Wallet,146.43
977,36,32,2025-04-18 14:09:56,Cancelled,Card,122.43
978,45,14,2025-05-03 15:16:25,Preparing,Wallet,106.84
979,170,49,2025-06-03 06:17:49,Pending,Card,184.21
980,162,9,2025-06-03 04:44:59,Preparing,Card,215.61
981,135,25,2025-08-13 04:20:14,On the Way,Wallet,164.79
982,4,31,2025-04-23 12:20:33,Preparing,Cash,222.23
983,127,12,2025-05-01 10:46:05,Cancelled,Wallet,292.91
984,51,31,2025-03-22 01:06:10,Cancelled,Card,273.18
985,19,35,2025-05-30 00:20:47,On the Way,Cash,493.89
986,85,29,2025-04-23 13:35:40,Cancelled,Wallet,172.81
987,6,8,2025-07-19 00:33:20,On the Way,Wallet,323.54
988,45,23,2025-04-01 16:32:03,Preparing,Cash,489.37
989,117,13,2025-04-30 04:57:06,On the Way,Wallet,483.28
990,104,12,2025-03-24 07:57:19,Cancelled,Card,136.93
991,93,42,2025-04-20 11:59:21,Delivered,Card,231.96
992,29,49,2025-02-25 07:26:14,Delivered,Wallet,116.62
993,49,39,2025-04-13 16:50:11,Delivered,Cash,109.34
994,136,24,2025-03-15 00:33:25,Preparing,Wallet,339.44
995,142,36,2025-04-12 08:28:20,Preparing,Card,326.25
996,37,20,2025-04-27 04:42:45,Cancelled,Wallet,360.28
997,35,7,2025-06-18 13:36:12,Pending,Card,296.69
998,99,32,2025-03-13 19:40:36,On the Way,Wallet,186.34
999,107,29,2025-03-15 13:12:52,Cancelled,Cash,340.43
1000,46,42,2025-06-02 07:03:28,Preparing,Cash,138.52
1001,121,8,2025-02-22 13:39:00,Preparing,Cash,211.01
1002,33,42,2025-03-01 00:59:44,Pending,Wallet,256.55
1003,48,32,2025-06-01 15:04:00,On the Way,Cash,230.98
1004,101,28,2025-03-11 22:12:51,Cancelled,Card,422.45
1005,80,38,2025-05-05 09:49:25,Preparing,Card,452.27
1006,1,10,2025-08-17 11:04:32,Delivered,Wallet,443.85
1007,62,41,2025-04-04 06:04:23,Preparing,Cash,282.03
1008,68,31,2025-03-04 17:37:37,Cancelled,Cash,337.99
1009,64,22,2025-04-12 20:18:36,Preparing,Card,170.62
1010,18,46,2025-04-05 17:53:53,Delivered,Wallet,135.95
1011,99,13,2025-05-15 09:56:15,Preparing,Card,411.54
1012,159,17,2025-04-04 16:14:26,Delivered,Wallet,190.3
1013,130,18,2025-06-17 11:53:59,Delivered,Card,324.68
1014,6,11,2025-02-04 12:20:22,Pending,Cash,221.86
1015,100,34,2025-02-19 05:08:48,Cancelled,Card,240.41
1016,26,39,2025-04-04 21:43:33,Preparing,Wallet,228.72
1017,83,18,2025-01-29 22:13:51,On the Way,Cash,418.83
1018,67,19,2025-05-12 11:29:14,Pending,Card,105.59
1019,138,47,2025-04-03 09:22:07,Pending,Card,100.25
1020,56,33,2025-07-07 08:47:39,Delivered,Cash,378.3
1021,137,40,2025-05-22 04:49:09,Preparing,Card,230.44
1022,135,40,2025-02-18 23:20:14,Cancelled,Cash,114.58
1023,72,25,2025-07-21 21:52:50,Preparing,Card,487.93
1024,48,41,2025-06-14 16:01:16,Cancelled,Card,298.77
1025,134,31,2025-02-14 03:35:09,Delivered,Cash,199.53
1026,101,29,2025-06-21 21:53:40,Pending,Wallet,148.22
1027,128,48,2025-01-08 08:39:30,Preparing,Cash,237.04
1028,25,11,2025-01-14 12:41:22,On the Way,Wallet,459.77
1029,148,43,2025-02-07 22:57:23,Pending,Wallet,486.47
1030,92,12,2025-04-06 08:34:37,Delivered,Wallet,313.61
1031,49,7,2025-02-06 22:01:32,On the Way,Card,430.18
1032,27,28,2025-05-18 21:59:22,Preparing,Wallet,407.83
1033,74,38,2025-07-26 10:50:46,Cancelled,Wallet,160.64
1034,158,49,2025-03-25 16:14:30,On the Way,Wallet,316.57
1035,99,48,2025-04-16 06:13:01,Delivered,Card,297.01
1036,80,6,2025-03-09 06:06:09,Preparing,Wallet,339.34
1037,82,50,2025-02-27 05:10:21,Pending,Cash,148.13
1038,13,8,2025-03-29 12:17:36,Cancelled,Wallet,422.22
1039,97,11,2025-03-31 02:53:04,Cancelled,Cash,273.34
1040,153,26,2025-01-12 22:35:39,Preparing,Card,103.44
1041,112,10,2025-06-09 07:12:43,Pending,Card,387.9
1042,2,7,2025-02-07 01:06:00,On the Way,Cash,217.39
1043,75,46,2025-02-25 09:40:02,On the Way,Card,462.26
1044,118,8,2025-04-19 16:05:10,Preparing,Wallet,264.03
1045,10,14,2025-03-22 13:24:58,Pending,Card,154.99
1046,47,19,2025-01-01 21:25:03,Delivered,Card,347.57
1047,81,50,2025-05-06 05:40:25,Pending,Card,181.68
1048,118,13,2025-05-05 19:49:37,On the Way,Wallet,113.45
1049,121,8,2025-04-28 18:58:14,On the Way,Card,125.87
1050,41,21,2025-01-23 04:26:33,Pending,Cash,230.02
1051,43,15,2025-02-03 06:44:13,Pending,Card,243.3
1052,65,16,2025-05-13 05:26:05,On the Way,Wallet,101.4
1053,3,16,2025-05-04 10:16:14,Delivered,Wallet,475.84
1054,128,29,2025-03-06 08:27:22,Cancelled,Card,288.68
1055,78,18,2025-01-27 20:11:19,Pending,Card,475.9
1056,142,8,2025-02-01 19:11:05,Pending,Card,245.59
1057,79,10,2025-04-23 20:08:00,Delivered,Wallet,233.19
1058,44,38,2025-01-12 00:30:08,Delivered,Card,281.52
1059,139,7,2025-04-26 01:53:38,Preparing,Cash,334.77
1060,12,35,2025-02-03 05:49:03,Cancelled,Wallet,414.18
1061,77,47,2025-03-21 18:14:11,Pending,Wallet,202.15
1062,27,45,2025-02-28 07:44:00,On the Way,Cash,482.9
1063,52,30,2025-04-24 12:48:13,Cancelled,Card,308.24
1064,127,37,2025-01-26 15:05:15,Delivered,Wallet,232.71
1065,141,24,2025-01-29 00:28:29,On the Way,Wallet,474.51
1066,45,48,2025-03-08 13:36:34,On the Way,Wallet,106.26
1067,160,8,2025-06-08 16:50:36,Pending,Card,301.28
1068,129,14,2025-01-03 10:33:38,On the Way,Wallet,184.77
1069,114,10,2025-04-22 21:58:01,Delivered,Wallet,370.83
1070,134,37,2025-02-28 09:42:37,Delivered,Card,495.28
1071,108,15,2025-02-19 22:35:00,Cancelled,Card,163.8
1072,149,29,2025-06-04 11:09:12,Pending,Wallet,325.88
1073,106,13,2025-05-26 13:27:50,Cancelled,Card,311.45
1074,2,42,2025-07-26 15:29:05,Delivered,Wallet,358.59
1075,75,12,2025-06-17 16:16:05,On the Way,Cash,470.25
1076,15,34,2025-03-25 17:09:25,On the Way,Cash,133.47
1077,33,35,2025-04-11 01:26:00,Delivered,Card,276.52
1078,50,19,2025-04-01 01:07:12,Cancelled,Wallet,233.1
1079,105,14,2025-05-09 03:04:03,Pending,Card,173.36
1080,130,13,2025-07-23 08:25:33,Cancelled,Card,469.79
1081,147,25,2025-03-02 22:40:52,Cancelled,Cash,209.29
1082,170,17,2025-08-09 02:42:12,Delivered,Cash,407.25
1083,119,6,2025-07-10 23:33:11,On the Way,Card,411.03
1084,142,44,2025-03-12 23:04:15,Cancelled,Card,279.75
1085,108,40,2025-01-20 06:40:05,Preparing,Wallet,288.45
1086,95,21,2025-06-24 23:18:03,On the Way,Cash,101.6
1087,168,22,2025-03-21 04:23:43,Cancelled,Cash,406.26
1088,158,13,2025-06-22 20:39:21,On the Way,Card,280.06
1089,160,42,2025-06-03 02:43:26,Preparing,Cash,222.57
1090,170,38,2025-02-09 23:13:14,Pending,Card,320.29
1091,170,17,2025-07-25 11:53:21,Preparing,Wallet,417.65
1092,45,9,2025-07-02 10:19:20,Preparing,Wallet,117.18
1093,78,49,2025-06-11 02:18:00,Cancelled,Card,278.53
1094,84,42,2025-08-11 18:10:55,Pending,Card,442.9
1095,69,19,2025-01-13 13:17:34,Preparing,Wallet,467.5
1096,114,42,2025-04-30 01:34:31,Delivered,Cash,319.24
1097,80,31,2025-01-03 02:59:41,Preparing,Cash,135.4
1098,161,39,2025-02-28 00:12:06,On the Way,Cash,113.72
1099,31,48,2025-01-13 20:40:36,Pending,Cash,229.2
1100,27,15,2025-01-13 16:31:49,Pending,Cash,479.16
1101,63,20,2025-03-18 18:29:17,Cancelled,Card,472.64
1102,166,20,2025-03-28 11:18:38,Preparing,Cash,494.84
1103,141,35,2025-02-09 04:33:06,On the Way,Card,405.61
1104,61,31,2025-03-23 11:15:15,Delivered,Card,341.53
1105,40,10,2025-05-23 20:32:14,Preparing,Card,371.06
1106,87,17,2025-07-04 07:11:45,Preparing,Wallet,128.59
1107,17,43,2025-03-20 09:36:40,Pending,Wallet,183.78
1108,85,15,2025-01-24 09:08:40,Pending,Wallet,102.88
1109,146,40,2025-06-16 03:19:38,Pending,Cash,389.63
1110,112,32,2025-05-05 10:25:03,Delivered,Wallet,137.14
1111,131,50,2025-04-25 15:28:24,Delivered,Wallet,315.58
1112,62,31,2025-07-28 09:41:36,Preparing,Cash,251.35
1113,35,41,2025-01-08 19:34:46,Delivered,Cash,200.85
1114,27,45,2025-04-12 23:28:58,Preparing,Wallet,352.16
1115,118,7,2025-08-01 14:13:34,Pending,Cash,183.78
