order_detail_id,order_id,item_id,quantity,item_price
1,1,15,2,41.15
2,1,7,2,63.12
3,1,7,3,63.12
4,2,25,3,106.35
5,3,26,3,98.67
6,4,29,1,48.71
7,4,4,2,144.54
8,5,22,1,115.85
9,5,21,1,108.65
10,5,21,1,108.65
11,6,12,2,41.44
12,6,24,1,33.44
13,6,29,3,48.71
14,7,4,1,144.54
15,8,11,2,143.54
16,8,19,3,69.78
17,9,1,1,96.22
18,9,3,1,137.66
19,9,10,2,91.91
20,10,9,3,145.39
21,10,24,3,33.44
22,11,9,3,145.39
23,11,7,3,63.12
24,12,19,2,69.78
25,12,6,3,69.72
26,13,21,2,108.65
27,13,12,1,41.44
28,14,8,2,91.87
29,15,2,2,81.7
30,15,11,2,143.54
31,1,58,2,55.48
32,2,41,1,61.98
33,2,44,3,64.18
34,3,13,1,79.63
35,3,36,1,145.2
36,3,35,1,114.59
37,4,26,2,98.67
38,4,3,1,137.66
39,4,12,2,41.44
40,5,30,2,41.45
41,5,48,1,91.96
42,5,44,1,64.18
43,6,23,3,53.15
44,6,17,2,131.98
45,6,43,1,118.32
46,7,9,3,145.39
47,8,7,2,63.12
48,8,9,2,145.39
49,8,49,3,97.46
50,9,24,2,33.44
51,10,16,2,95.84
52,10,7,1,63.12
53,11,40,3,145.76
54,11,52,2,81.09
55,12,28,1,69.01
56,12,40,3,145.76
57,13,28,1,69.01
58,14,33,3,44.8
59,14,50,3,75.01
60,14,24,1,33.44
61,15,34,1,131.83
62,15,42,3,105.16
63,15,1,1,96.22
64,16,4,1,144.54
65,17,54,1,145.2
66,18,31,2,90.4
67,19,20,1,86.84
68,20,20,1,86.84
69,21,52,2,81.09
70,21,30,2,41.45
71,21,50,1,75.01
72,22,54,3,145.2
73,22,28,2,69.01
74,23,59,1,140.41
75,24,59,1,140.41
76,24,42,2,105.16
77,24,39,1,147.76
78,25,30,1,41.45
79,25,60,2,72.34
80,25,49,1,97.46
81,26,55,3,123.21
82,26,34,2,131.83
83,27,8,2,91.87
84,27,41,3,61.98
85,27,44,2,64.18
86,28,11,1,143.54
87,28,27,1,115.45
88,29,42,1,105.16
89,29,12,2,41.44
90,30,55,2,123.21
91,30,35,2,114.59
92,30,4,3,144.54
93,31,39,2,147.76
94,31,44,1,64.18
95,32,51,3,83.69
96,32,31,2,90.4
97,32,11,3,143.54
98,33,50,1,75.01
99,33,28,2,69.01
100,34,52,2,81.09
101,34,27,1,115.45
102,35,32,3,84.15
103,35,8,1,91.87
104,36,41,1,61.98
105,37,52,3,81.09
106,38,6,1,69.72
107,38,15,2,41.15
108,38,7,2,63.12
109,39,60,3,72.34
110,40,16,3,95.84
111,40,45,1,47.58
112,40,53,2,99.85
113,41,52,1,81.09
114,41,6,1,69.72
115,41,58,3,55.48
116,42,10,1,91.91
117,42,57,2,122.09
118,43,24,2,33.44
119,44,37,1,97.23
120,45,32,1,84.15
121,46,15,2,41.15
122,46,7,3,63.12
123,47,27,1,115.45
124,47,5,2,92.59
125,48,27,1,115.45
126,49,31,1,90.4
127,49,50,3,75.01
128,49,33,1,44.8
129,50,51,3,83.69
130,51,19,2,69.78
131,51,6,1,69.72
132,51,19,1,69.78
133,52,24,1,33.44
134,53,10,1,91.91
135,53,41,2,61.98
136,54,43,1,118.32
137,55,57,2,122.09
138,55,17,2,131.98
139,55,52,1,81.09
140,56,44,3,64.18
141,57,50,1,75.01
142,57,52,2,81.09
143,57,1,1,96.22
144,58,21,3,108.65
145,58,28,1,69.01
146,58,21,1,108.65
147,59,40,1,145.76
148,59,5,2,92.59
149,60,14,3,48.36
150,60,9,1,145.39
151,60,52,2,81.09
152,61,50,3,75.01
153,61,42,1,105.16
154,61,58,2,55.48
155,62,54,3,145.2
156,62,47,1,61.52
157,62,34,3,131.83
158,63,26,3,98.67
159,63,51,3,83.69
160,64,43,1,118.32
161,65,34,1,131.83
162,65,24,3,33.44
163,65,60,3,72.34
164,66,8,3,91.87
165,66,27,2,115.45
166,67,56,3,59.45
167,67,43,3,118.32
168,68,4,3,144.54
169,69,17,2,131.98
170,69,16,3,95.84
171,69,23,3,53.15
172,70,19,3,69.78
173,71,38,3,73.24
174,72,45,2,47.58
175,72,19,2,69.78
176,72,54,2,145.2
177,73,40,2,145.76
178,74,4,1,144.54
179,74,18,3,137.4
180,74,36,2,145.2
181,75,39,1,147.76
182,75,60,1,72.34
183,75,15,3,41.15
184,76,2,2,81.7
185,76,59,2,140.41
186,76,51,3,83.69
187,77,18,2,137.4
188,78,9,2,145.39
189,78,49,3,97.46
190,79,5,2,92.59
191,79,10,3,91.91
192,80,54,1,145.2
193,80,4,3,144.54
194,81,56,2,59.45
195,81,53,2,99.85
196,81,31,3,90.4
197,82,10,2,91.91
198,83,6,1,69.72
199,83,50,1,75.01
200,83,60,3,72.34
201,84,8,2,91.87
202,84,19,2,69.78
203,85,39,3,147.76
204,86,36,2,145.2
205,87,48,2,91.96
206,88,4,1,144.54
207,88,27,2,115.45
208,89,36,2,145.2
209,89,32,3,84.15
210,90,49,3,97.46
211,91,10,1,91.91
212,91,32,3,84.15
213,92,56,2,59.45
214,92,20,2,86.84
215,93,26,2,98.67
216,93,48,3,91.96
217,93,43,1,118.32
218,94,25,1,106.35
219,94,26,3,98.67
220,95,43,3,118.32
221,96,58,1,55.48
222,96,8,3,91.87
223,97,2,2,81.7
224,98,54,1,145.2
225,98,38,2,73.24
226,98,16,3,95.84
227,99,18,1,137.4
228,100,5,1,92.59
229,101,20,1,86.84
230,101,42,3,105.16
231,101,38,2,73.24
232,102,18,3,137.4
233,103,59,2,140.41
234,104,23,2,53.15
235,105,18,1,137.4
236,105,60,2,72.34
237,106,43,2,118.32
238,106,45,1,47.58
239,106,23,1,53.15
240,107,39,1,147.76
241,107,33,1,44.8
242,108,47,2,61.52
243,108,55,2,123.21
244,109,26,2,98.67
245,109,8,2,91.87
246,110,37,2,97.23
247,110,49,2,97.46
248,111,39,3,147.76
249,112,55,2,123.21
250,113,57,3,122.09
251,113,4,1,144.54
252,113,53,3,99.85
253,114,40,1,145.76
254,115,1,3,96.22
255,1,66,3,115.0
256,1,65,3,47.27
257,1,66,2,115.0
258,2,2,1,81.7
259,2,16,3,95.84
260,2,97,2,100.97
261,3,44,3,64.18
262,4,3,3,137.66
263,5,13,3,79.63
264,6,4,2,144.54
265,6,78,1,141.44
266,6,45,1,47.58
267,7,21,2,108.65
268,8,12,1,41.44
269,8,30,2,41.45
270,8,64,1,71.42
271,9,76,3,93.24
272,9,85,3,37.47
273,9,85,1,37.47
274,10,45,1,47.58
275,11,63,2,96.19
276,11,53,1,99.85
277,11,57,1,122.09
278,12,41,3,61.98
279,13,62,2,57.15
280,13,10,1,91.91
281,13,12,3,41.44
282,14,79,3,52.26
283,15,20,1,86.84
284,15,36,2,145.2
285,15,85,1,37.47
286,16,1,3,96.22
287,16,26,1,98.67
288,17,40,1,145.76
289,18,66,1,115.0
290,19,39,3,147.76
291,19,21,2,108.65
292,20,79,1,52.26
293,20,75,2,109.04
294,20,30,2,41.45
295,21,34,3,131.83
296,21,36,3,145.2
297,21,61,2,48.64
298,22,69,3,106.88
299,22,90,3,33.85
300,22,73,1,38.93
301,23,34,1,131.83
302,24,90,1,33.85
303,24,99,2,100.55
304,25,26,2,98.67
305,25,63,1,96.19
306,26,60,2,72.34
307,26,27,3,115.45
308,27,22,3,115.85
309,28,1,1,96.22
310,28,2,1,81.7
311,29,73,1,38.93
312,30,8,1,91.87
313,30,77,1,79.96
314,31,10,2,91.91
315,31,100,1,79.64
316,32,53,1,99.85
317,32,35,3,114.59
318,33,4,2,144.54
319,33,2,3,81.7
320,33,41,3,61.98
321,34,74,3,132.42
322,34,18,1,137.4
323,35,8,2,91.87
324,36,65,2,47.27
325,36,100,3,79.64
326,37,84,3,50.94
327,37,61,1,48.64
328,38,88,1,104.11
329,39,24,1,33.44
330,39,10,1,91.91
331,40,11,3,143.54
332,40,47,2,61.52
333,40,40,1,145.76
334,41,23,1,53.15
335,41,46,2,148.4
336,42,91,1,115.67
337,42,65,3,47.27
338,42,61,2,48.64
339,43,46,1,148.4
340,44,38,3,73.24
341,45,56,2,59.45
342,46,63,1,96.19
343,46,80,2,70.8
344,46,85,2,37.47
345,47,2,3,81.7
346,47,52,3,81.09
347,48,32,2,84.15
348,48,64,1,71.42
349,48,45,3,47.58
350,49,15,3,41.15
351,49,72,2,121.61
352,50,24,3,33.44
353,50,16,2,95.84
354,51,3,1,137.66
355,51,56,1,59.45
356,52,66,2,115.0
357,52,7,2,63.12
358,52,60,3,72.34
359,53,79,1,52.26
360,53,46,2,148.4
361,54,95,3,131.52
362,54,66,2,115.0
363,55,22,3,115.85
364,55,28,2,69.01
365,55,2,1,81.7
366,56,41,1,61.98
367,56,25,1,106.35
368,57,97,2,100.97
369,57,50,3,75.01
370,57,49,2,97.46
371,58,71,1,54.14
372,58,79,1,52.26
373,59,48,1,91.96
374,59,1,2,96.22
375,60,14,1,48.36
376,60,36,2,145.2
377,61,16,1,95.84
378,61,34,1,131.83
379,61,34,1,131.83
380,62,90,3,33.85
381,63,96,2,75.91
382,64,67,3,76.99
383,64,70,2,60.41
384,65,52,2,81.09
385,66,36,3,145.2
386,66,4,3,144.54
387,67,31,3,90.4
388,67,76,3,93.24
389,68,9,2,145.39
390,68,76,3,93.24
391,68,5,2,92.59
392,69,92,1,35.05
393,70,51,2,83.69
394,70,9,2,145.39
395,70,22,2,115.85
396,71,87,2,114.63
397,72,26,2,98.67
398,72,2,1,81.7
399,73,87,1,114.63
400,73,84,1,50.94
401,74,34,3,131.83
402,75,37,3,97.23
403,75,69,3,106.88
404,75,47,2,61.52
405,76,61,3,48.64
406,76,67,1,76.99
407,76,94,3,105.12
408,77,82,2,82.02
409,78,18,1,137.4
410,78,11,3,143.54
411,79,32,3,84.15
412,79,22,2,115.85
413,79,17,2,131.98
414,80,69,3,106.88
415,80,70,2,60.41
416,80,31,2,90.4
417,81,56,1,59.45
418,81,75,1,109.04
419,82,42,3,105.16
420,82,20,1,86.84
421,83,99,2,100.55
422,83,70,2,60.41
423,83,44,1,64.18
424,84,18,3,137.4
425,85,11,1,143.54
426,86,13,1,79.63
427,86,76,3,93.24
428,86,24,3,33.44
429,87,53,2,99.85
430,87,50,1,75.01
431,88,68,2,56.5
432,88,97,2,100.97
433,89,42,2,105.16
434,90,55,3,123.21
435,90,34,1,131.83
436,90,58,3,55.48
437,91,46,1,148.4
438,92,32,1,84.15
439,93,75,1,109.04
440,93,49,1,97.46
441,94,50,3,75.01
442,94,77,3,79.96
443,94,23,1,53.15
444,95,22,1,115.85
445,95,71,3,54.14
446,95,9,3,145.39
447,96,94,2,105.12
448,96,74,1,132.42
449,97,8,2,91.87
450,98,15,2,41.15
451,98,15,1,41.15
452,99,39,2,147.76
453,100,21,3,108.65
454,101,41,2,61.98
455,101,51,3,83.69
456,102,53,3,99.85
457,102,42,3,105.16
458,102,8,3,91.87
459,103,21,2,108.65
460,103,36,2,145.2
461,104,24,3,33.44
462,105,53,3,99.85
463,105,43,3,118.32
464,106,1,2,96.22
465,106,45,3,47.58
466,107,88,2,104.11
467,107,83,1,87.81
468,107,68,3,56.5
469,108,32,3,84.15
470,109,33,2,44.8
471,109,56,2,59.45
472,109,27,1,115.45
473,110,65,3,47.27
474,110,7,2,63.12
475,110,78,3,141.44
476,111,61,3,48.64
477,111,98,2,60.75
478,112,24,3,33.44
479,113,74,1,132.42
480,113,79,1,52.26
481,114,91,3,115.67
482,114,95,3,131.52
483,114,7,2,63.12
484,115,51,1,83.69
485,115,100,3,79.64
486,115,64,3,71.42
487,116,40,3,145.76
488,117,46,3,148.4
489,118,100,2,79.64
490,118,49,3,97.46
491,119,89,1,45.92
492,119,45,1,47.58
493,120,2,2,81.7
494,120,80,2,70.8
495,120,24,3,33.44
496,121,41,3,61.98
497,122,53,2,99.85
498,122,57,2,122.09
499,123,94,3,105.12
500,123,71,1,54.14
501,123,93,3,84.92
502,124,93,3,84.92
503,124,93,1,84.92
504,125,69,3,106.88
505,125,31,1,90.4
506,126,57,2,122.09
507,126,99,2,100.55
508,127,61,3,48.64
509,127,2,1,81.7
510,128,25,1,106.35
511,129,15,3,41.15
512,129,18,1,137.4
513,130,8,2,91.87
514,130,39,1,147.76
515,130,59,1,140.41
516,131,97,1,100.97
517,131,63,2,96.19
518,131,57,1,122.09
519,132,78,3,141.44
520,132,62,3,57.15
521,133,40,3,145.76
522,133,75,1,109.04
523,134,19,2,69.78
524,134,13,3,79.63
525,135,65,3,47.27
526,135,71,2,54.14
527,135,85,2,37.47
528,136,78,1,141.44
529,136,22,1,115.85
530,136,45,3,47.58
531,137,40,3,145.76
532,138,28,3,69.01
533,139,6,2,69.72
534,139,27,2,115.45
535,139,55,3,123.21
536,140,89,1,45.92
537,141,1,2,96.22
538,142,11,1,143.54
539,142,83,2,87.81
540,143,62,3,57.15
541,143,21,3,108.65
542,144,91,3,115.67
543,145,88,2,104.11
544,146,65,3,47.27
545,147,96,3,75.91
546,147,84,2,50.94
547,148,2,1,81.7
548,148,94,2,105.12
549,148,99,1,100.55
550,149,50,1,75.01
551,150,50,1,75.01
552,150,40,1,145.76
553,150,2,3,81.7
554,151,79,2,52.26
555,151,81,2,145.19
556,152,35,1,114.59
557,153,68,2,56.5
558,153,81,3,145.19
559,153,30,2,41.45
560,154,16,2,95.84
561,155,17,1,131.98
562,156,31,3,90.4
563,157,60,1,72.34
564,157,19,2,69.78
565,158,63,1,96.19
566,158,31,1,90.4
567,159,23,2,53.15
568,159,38,1,73.24
569,159,21,1,108.65
570,160,11,1,143.54
571,160,3,3,137.66
572,160,37,1,97.23
573,161,14,1,48.36
574,162,83,2,87.81
575,162,97,3,100.97
576,162,81,1,145.19
577,163,48,3,91.96
578,163,56,1,59.45
579,164,39,3,147.76
580,164,30,1,41.45
581,164,35,1,114.59
582,165,58,2,55.48
583,165,35,2,114.59
584,166,37,1,97.23
585,166,3,3,137.66
586,167,1,2,96.22
587,168,81,2,145.19
588,168,10,2,91.91
589,168,1,2,96.22
590,169,47,1,61.52
591,169,94,1,105.12
592,169,23,3,53.15
593,170,47,2,61.52
594,170,15,2,41.15
595,170,52,1,81.09
596,171,93,2,84.92
597,171,45,3,47.58
598,171,51,1,83.69
599,172,28,1,69.01
600,172,28,3,69.01
601,172,10,1,91.91
602,173,24,1,33.44
603,174,29,2,48.71
604,174,72,2,121.61
605,174,90,3,33.85
606,175,6,2,69.72
607,176,30,1,41.45
608,176,65,3,47.27
609,176,61,3,48.64
610,177,72,1,121.61
611,177,89,1,45.92
612,177,30,2,41.45
613,178,55,1,123.21
614,178,29,1,48.71
615,179,41,2,61.98
616,179,35,1,114.59
617,179,94,1,105.12
618,180,78,3,141.44
619,181,66,3,115.0
620,181,81,3,145.19
621,181,88,3,104.11
622,182,27,2,115.45
623,182,9,3,145.39
624,183,36,1,145.2
625,183,62,1,57.15
626,183,19,2,69.78
627,184,37,3,97.23
628,184,52,3,81.09
629,185,17,2,131.98
630,185,71,2,54.14
631,186,1,2,96.22
632,186,4,2,144.54
633,186,52,2,81.09
634,187,33,2,44.8
635,188,6,1,69.72
636,188,8,1,91.87
637,188,79,2,52.26
638,189,94,1,105.12
639,189,46,1,148.4
640,190,75,2,109.04
641,191,96,2,75.91
642,191,48,1,91.96
643,191,68,1,56.5
644,192,92,3,35.05
645,192,61,1,48.64
646,192,36,1,145.2
647,193,20,3,86.84
648,193,24,3,33.44
649,194,23,2,53.15
650,194,16,3,95.84
651,195,89,3,45.92
652,195,34,3,131.83
653,195,16,1,95.84
654,196,23,2,53.15
655,196,62,2,57.15
656,197,8,3,91.87
657,198,63,2,96.19
658,198,60,2,72.34
659,199,40,1,145.76
660,199,97,3,100.97
661,199,12,2,41.44
662,200,12,1,41.44
663,200,67,2,76.99
664,200,40,3,145.76
665,201,54,1,145.2
666,202,64,1,71.42
667,203,12,2,41.44
668,204,26,2,98.67
669,204,36,1,145.2
670,204,28,1,69.01
671,205,34,1,131.83
672,206,88,1,104.11
673,207,88,2,104.11
674,207,97,1,100.97
675,208,89,3,45.92
676,209,82,1,82.02
677,209,4,2,144.54
678,209,24,2,33.44
679,210,98,1,60.75
680,210,13,2,79.63
681,211,6,3,69.72
682,211,81,1,145.19
683,212,20,1,86.84
684,213,74,2,132.42
685,213,95,3,131.52
686,214,46,1,148.4
687,215,99,2,100.55
688,215,20,3,86.84
689,215,26,3,98.67
690,216,42,3,105.16
691,216,2,2,81.7
692,217,65,3,47.27
693,217,78,3,141.44
694,217,45,2,47.58
695,218,86,3,105.78
696,219,72,3,121.61
697,220,85,1,37.47
698,220,88,3,104.11
699,221,75,3,109.04
700,222,5,2,92.59
701,222,29,1,48.71
702,222,29,1,48.71
703,223,47,3,61.52
704,223,43,1,118.32
705,224,50,1,75.01
706,224,50,1,75.01
707,224,70,1,60.41
708,225,41,1,61.98
709,225,21,1,108.65
710,226,82,2,82.02
711,226,42,2,105.16
712,226,50,1,75.01
713,227,12,2,41.44
714,227,64,1,71.42
715,228,22,3,115.85
716,228,6,3,69.72
717,229,27,3,115.45
718,230,58,3,55.48
719,231,100,2,79.64
720,231,57,2,122.09
721,231,46,3,148.4
722,232,80,3,70.8
723,232,7,1,63.12
724,233,25,3,106.35
725,233,55,1,123.21
726,233,54,2,145.2
727,234,37,2,97.23
728,234,89,2,45.92
729,234,24,1,33.44
730,235,69,3,106.88
731,235,27,3,115.45
732,236,2,2,81.7
733,236,38,2,73.24
734,236,60,3,72.34
735,237,20,1,86.84
736,237,49,3,97.46
737,237,2,2,81.7
738,238,14,2,48.36
739,238,83,1,87.81
740,239,2,3,81.7
741,239,55,3,123.21
742,239,58,3,55.48
743,240,41,3,61.98
744,240,49,3,97.46
745,241,78,3,141.44
746,241,71,2,54.14
747,242,100,3,79.64
748,243,59,1,140.41
749,243,36,3,145.2
750,244,6,3,69.72
751,244,63,2,96.19
752,245,35,1,114.59
753,246,6,3,69.72
754,246,11,3,143.54
755,247,85,2,37.47
756,247,80,1,70.8
757,247,14,1,48.36
758,248,27,1,115.45
759,248,40,3,145.76
760,249,37,2,97.23
761,249,95,2,131.52
762,250,10,3,91.91
763,250,88,3,104.11
764,251,13,3,79.63
765,251,27,2,115.45
766,251,88,1,104.11
767,252,74,3,132.42
768,252,41,1,61.98
769,253,29,3,48.71
770,254,95,1,131.52
771,254,79,1,52.26
772,254,38,3,73.24
773,255,85,2,37.47
774,256,22,1,115.85
775,256,96,1,75.91
776,256,43,2,118.32
777,257,61,2,48.64
778,258,64,3,71.42
779,259,14,1,48.36
780,259,65,2,47.27
781,260,91,2,115.67
782,261,74,2,132.42
783,261,82,2,82.02
784,262,3,2,137.66
785,262,9,2,145.39
786,262,73,3,38.93
787,263,78,2,141.44
788,263,55,2,123.21
789,263,2,2,81.7
790,264,19,2,69.78
791,264,97,3,100.97
792,265,84,3,50.94
793,265,49,1,97.46
794,266,61,1,48.64
795,266,44,3,64.18
796,267,59,1,140.41
797,267,71,3,54.14
798,268,23,2,53.15
799,268,75,3,109.04
800,269,50,2,75.01
801,269,68,1,56.5
802,269,93,1,84.92
803,270,11,3,143.54
804,271,30,2,41.45
805,271,89,3,45.92
806,272,36,2,145.2
807,272,84,1,50.94
808,273,87,2,114.63
809,273,29,3,48.71
810,274,96,1,75.91
811,275,55,3,123.21
812,275,33,2,44.8
813,275,15,1,41.15
814,276,99,3,100.55
815,276,91,2,115.67
816,277,27,1,115.45
817,277,86,1,105.78
818,277,97,3,100.97
819,278,97,2,100.97
820,278,99,1,100.55
821,279,63,2,96.19
822,279,43,3,118.32
823,279,100,1,79.64
824,280,90,3,33.85
825,281,97,1,100.97
826,281,95,2,131.52
827,282,38,2,73.24
828,283,30,3,41.45
829,283,54,3,145.2
830,284,22,3,115.85
831,284,44,2,64.18
832,284,65,2,47.27
833,285,41,1,61.98
834,286,64,2,71.42
835,286,13,1,79.63
836,286,82,1,82.02
837,287,56,2,59.45
838,287,7,3,63.12
839,287,15,3,41.15
840,288,68,3,56.5
841,289,2,3,81.7
842,289,42,3,105.16
843,289,87,1,114.63
844,290,97,1,100.97
845,291,15,2,41.15
846,291,36,2,145.2
847,291,42,3,105.16
848,292,5,1,92.59
849,293,73,2,38.93
850,294,55,1,123.21
851,294,64,2,71.42
852,295,64,2,71.42
853,296,34,1,131.83
854,296,74,2,132.42
855,297,69,2,106.88
856,297,47,2,61.52
857,298,47,3,61.52
858,298,21,1,108.65
859,298,92,2,35.05
860,299,30,3,41.45
861,300,84,2,50.94
862,300,25,1,106.35
863,300,71,1,54.14
864,301,76,3,93.24
865,302,13,2,79.63
866,302,10,1,91.91
867,302,34,3,131.83
868,303,55,3,123.21
869,303,13,3,79.63
870,303,4,2,144.54
871,304,29,3,48.71
872,305,25,3,106.35
873,306,49,3,97.46
874,306,73,2,38.93
875,306,16,2,95.84
876,307,29,3,48.71
877,307,23,1,53.15
878,308,91,2,115.67
879,308,78,3,141.44
880,308,92,3,35.05
881,309,24,3,33.44
882,310,57,2,122.09
883,310,73,2,38.93
884,310,24,2,33.44
885,311,74,2,132.42
886,311,17,3,131.98
887,312,6,3,69.72
888,312,94,3,105.12
889,312,55,1,123.21
890,313,64,2,71.42
891,313,87,1,114.63
892,313,52,3,81.09
893,314,13,1,79.63
894,314,94,2,105.12
895,315,69,1,106.88
896,316,68,2,56.5
897,316,51,3,83.69
898,316,92,3,35.05
899,317,38,1,73.24
900,317,20,3,86.84
901,318,22,2,115.85
902,319,51,2,83.69
903,319,64,1,71.42
904,319,57,1,122.09
905,320,64,1,71.42
906,321,44,3,64.18
907,321,93,2,84.92
908,321,56,1,59.45
909,322,21,3,108.65
910,322,49,1,97.46
911,323,31,2,90.4
912,323,24,2,33.44
913,323,12,1,41.44
914,324,66,3,115.0
915,325,93,2,84.92
916,326,86,3,105.78
917,326,7,1,63.12
918,327,21,2,108.65
919,327,60,1,72.34
920,327,17,3,131.98
921,328,47,1,61.52
922,328,23,1,53.15
923,329,46,1,148.4
924,329,19,2,69.78
925,329,50,2,75.01
926,330,94,1,105.12
927,331,82,3,82.02
928,332,40,3,145.76
929,332,53,1,99.85
930,332,37,3,97.23
931,333,72,2,121.61
932,333,71,1,54.14
933,334,14,3,48.36
934,334,98,2,60.75
935,334,89,3,45.92
936,335,9,1,145.39
937,335,90,3,33.85
938,336,99,1,100.55
939,336,10,2,91.91
940,336,99,3,100.55
941,337,80,3,70.8
942,338,62,2,57.15
943,338,75,2,109.04
944,339,49,3,97.46
945,339,53,3,99.85
946,340,38,3,73.24
947,340,62,2,57.15
948,341,90,2,33.85
949,341,68,1,56.5
950,342,20,3,86.84
951,342,19,3,69.78
952,343,50,1,75.01
953,343,63,1,96.19
954,343,57,3,122.09
955,344,17,3,131.98
956,344,86,1,105.78
957,345,45,1,47.58
958,345,73,3,38.93
959,346,62,1,57.15
960,347,77,2,79.96
961,348,82,1,82.02
962,348,40,3,145.76
963,349,69,3,106.88
964,349,83,1,87.81
965,350,32,2,84.15
966,350,74,2,132.42
967,350,20,3,86.84
968,351,7,3,63.12
969,351,53,2,99.85
970,351,58,3,55.48
971,352,93,1,84.92
972,353,56,3,59.45
973,354,66,3,115.0
974,355,53,1,99.85
975,355,20,2,86.84
976,355,58,2,55.48
977,356,88,1,104.11
978,356,62,2,57.15
979,356,7,2,63.12
980,357,59,3,140.41
981,358,56,1,59.45
982,358,50,1,75.01
983,359,17,2,131.98
984,359,70,1,60.41
985,360,69,3,106.88
986,361,40,2,145.76
987,361,17,3,131.98
988,362,30,3,41.45
989,362,14,3,48.36
990,362,73,1,38.93
991,363,63,2,96.19
992,364,46,1,148.4
993,365,40,1,145.76
994,365,21,3,108.65
995,365,59,3,140.41
996,366,9,2,145.39
997,366,74,3,132.42
998,366,71,1,54.14
999,367,23,3,53.15
1000,367,72,2,121.61
1001,368,27,1,115.45
1002,369,67,3,76.99
1003,370,14,2,48.36
1004,371,82,1,82.02
1005,371,99,3,100.55
1006,371,70,1,60.41
1007,372,64,2,71.42
1008,373,77,1,79.96
1009,374,8,2,91.87
1010,375,4,2,144.54
1011,375,1,2,96.22
1012,376,55,1,123.21
1013,376,94,1,105.12
1014,377,45,1,47.58
1015,377,13,2,79.63
1016,378,6,2,69.72
1017,379,65,1,47.27
1018,379,12,3,41.44
1019,379,68,1,56.5
1020,380,8,3,91.87
1021,381,50,3,75.01
1022,382,75,3,109.04
1023,383,28,1,69.01
1024,383,76,3,93.24
1025,383,93,1,84.92
1026,384,2,2,81.7
1027,385,83,1,87.81
1028,385,28,1,69.01
1029,385,39,1,147.76
1030,386,83,2,87.81
1031,387,70,3,60.41
1032,387,50,2,75.01
1033,388,88,3,104.11
1034,388,76,1,93.24
1035,388,74,2,132.42
1036,389,38,3,73.24
1037,389,80,3,70.8
1038,390,95,1,131.52
1039,391,6,1,69.72
1040,391,18,1,137.4
1041,392,66,2,115.0
1042,392,3,3,137.66
1043,392,85,1,37.47
1044,393,40,3,145.76
1045,394,49,3,97.46
1046,395,95,3,131.52
1047,395,15,3,41.15
1048,395,50,3,75.01
1049,396,75,2,109.04
1050,396,91,2,115.67
1051,397,94,3,105.12
1052,397,100,3,79.64
1053,397,12,1,41.44
1054,398,65,1,47.27
1055,398,7,2,63.12
1056,399,50,2,75.01
1057,399,85,2,37.47
1058,399,55,3,123.21
1059,400,78,3,141.44
1060,401,51,2,83.69
1061,401,60,3,72.34
1062,402,49,2,97.46
1063,402,97,2,100.97
1064,403,66,3,115.0
1065,403,16,3,95.84
1066,404,33,1,44.8
1067,405,54,1,145.2
1068,405,34,1,131.83
1069,406,76,3,93.24
1070,406,34,2,131.83
1071,406,69,3,106.88
1072,407,57,3,122.09
1073,408,52,2,81.09
1074,409,89,1,45.92
1075,410,52,1,81.09
1076,410,73,2,38.93
1077,410,96,3,75.91
1078,411,25,2,106.35
1079,412,5,1,92.59
1080,412,4,2,144.54
1081,413,3,2,137.66
1082,414,81,2,145.19
1083,415,1,2,96.22
1084,415,61,1,48.64
1085,415,37,2,97.23
1086,416,3,2,137.66
1087,417,3,2,137.66
1088,417,48,2,91.96
1089,417,90,3,33.85
1090,418,84,1,50.94
1091,418,89,1,45.92
1092,418,41,3,61.98
1093,419,35,2,114.59
1094,420,2,2,81.7
1095,421,34,1,131.83
1096,422,63,2,96.19
1097,423,3,1,137.66
1098,423,41,3,61.98
1099,424,41,2,61.98
1100,424,70,3,60.41
1101,424,23,1,53.15
1102,425,27,3,115.45
1103,425,67,1,76.99
1104,425,74,1,132.42
1105,426,7,3,63.12
1106,426,98,3,60.75
1107,427,53,1,99.85
1108,427,56,2,59.45
1109,428,10,2,91.91
1110,428,98,2,60.75
1111,428,74,1,132.42
1112,429,52,3,81.09
1113,430,97,1,100.97
1114,430,4,3,144.54
1115,430,41,3,61.98
1116,431,16,2,95.84
1117,431,97,1,100.97
1118,432,62,3,57.15
1119,432,52,1,81.09
1120,432,24,2,33.44
1121,433,61,1,48.64
1122,433,94,1,105.12
1123,434,93,2,84.92
1124,435,42,2,105.16
1125,435,5,1,92.59
1126,435,37,1,97.23
1127,436,54,3,145.2
1128,436,79,1,52.26
1129,436,71,1,54.14
1130,437,39,2,147.76
1131,438,48,3,91.96
1132,438,91,1,115.67
1133,439,88,2,104.11
1134,439,81,3,145.19
1135,439,77,1,79.96
1136,440,69,1,106.88
1137,441,22,2,115.85
1138,441,82,3,82.02
1139,441,99,2,100.55
1140,442,69,3,106.88
1141,443,19,3,69.78
1142,443,49,3,97.46
1143,444,96,1,75.91
1144,444,18,1,137.4
1145,444,78,3,141.44
1146,445,57,1,122.09
1147,446,13,2,79.63
1148,447,39,3,147.76
1149,447,22,1,115.85
1150,447,35,1,114.59
1151,448,75,3,109.04
1152,449,74,1,132.42
1153,450,61,3,48.64
1154,450,43,2,118.32
1155,451,87,3,114.63
1156,451,85,1,37.47
1157,452,87,1,114.63
1158,452,8,1,91.87
1159,452,92,1,35.05
1160,453,1,2,96.22
1161,454,29,3,48.71
1162,454,100,1,79.64
1163,454,15,2,41.15
1164,455,14,2,48.36
1165,455,38,3,73.24
1166,455,29,2,48.71
1167,456,50,2,75.01
1168,456,96,1,75.91
1169,456,46,1,148.4
1170,457,1,3,96.22
1171,457,18,2,137.4
1172,457,50,1,75.01
1173,458,41,1,61.98
1174,458,48,3,91.96
1175,459,8,2,91.87
1176,459,51,1,83.69
1177,459,52,1,81.09
1178,460,36,1,145.2
1179,460,53,1,99.85
1180,461,52,2,81.09
1181,462,21,2,108.65
1182,462,45,3,47.58
1183,463,73,2,38.93
1184,463,72,2,121.61
1185,463,25,1,106.35
1186,464,36,3,145.2
1187,465,63,3,96.19
1188,466,68,1,56.5
1189,467,34,1,131.83
1190,468,8,1,91.87
1191,469,52,2,81.09
1192,469,40,3,145.76
1193,469,8,1,91.87
1194,470,69,3,106.88
1195,470,97,2,100.97
1196,471,85,3,37.47
1197,472,51,3,83.69
1198,472,28,3,69.01
1199,472,78,1,141.44
1200,473,34,1,131.83
1201,473,99,3,100.55
1202,474,55,2,123.21
1203,475,11,2,143.54
1204,475,33,1,44.8
1205,475,25,1,106.35
1206,476,100,2,79.64
1207,476,21,3,108.65
1208,476,3,2,137.66
1209,477,59,2,140.41
1210,477,52,3,81.09
1211,478,34,2,131.83
1212,479,57,1,122.09
1213,479,84,2,50.94
1214,479,56,1,59.45
1215,480,68,2,56.5
1216,481,12,2,41.44
1217,482,23,2,53.15
1218,482,64,3,71.42
1219,483,26,1,98.67
1220,483,57,2,122.09
1221,483,84,3,50.94
1222,484,72,2,121.61
1223,485,79,1,52.26
1224,485,88,2,104.11
1225,485,97,2,100.97
1226,486,83,2,87.81
1227,487,32,1,84.15
1228,487,30,1,41.45
1229,488,13,1,79.63
1230,488,75,3,109.04
1231,488,45,3,47.58
1232,489,25,3,106.35
1233,489,94,2,105.12
1234,489,32,2,84.15
1235,490,3,1,137.66
1236,491,21,1,108.65
1237,491,5,3,92.59
1238,491,37,3,97.23
1239,492,86,3,105.78
1240,493,3,2,137.66
1241,493,28,1,69.01
1242,493,38,3,73.24
1243,494,50,1,75.01
1244,495,90,2,33.85
1245,495,46,1,148.4
1246,496,50,2,75.01
1247,496,84,2,50.94
1248,497,76,1,93.24
1249,497,87,3,114.63
1250,498,54,2,145.2
1251,499,20,1,86.84
1252,499,2,2,81.7
1253,499,1,1,96.22
1254,500,25,2,106.35
1255,501,45,3,47.58
1256,501,96,2,75.91
1257,501,37,1,97.23
1258,502,60,1,72.34
1259,503,16,3,95.84
1260,503,50,2,75.01
1261,504,50,1,75.01
1262,504,7,1,63.12
1263,504,58,1,55.48
1264,505,85,2,37.47
1265,505,88,3,104.11
1266,506,22,3,115.85
1267,506,59,2,140.41
1268,506,27,1,115.45
1269,507,59,3,140.41
1270,507,80,1,70.8
1271,507,2,2,81.7
1272,508,24,2,33.44
1273,508,4,1,144.54
1274,509,86,2,105.78
1275,510,84,1,50.94
1276,511,20,2,86.84
1277,511,53,1,99.85
1278,511,61,3,48.64
1279,512,91,1,115.67
1280,512,14,1,48.36
1281,512,7,2,63.12
1282,513,56,3,59.45
1283,513,70,3,60.41
1284,513,82,2,82.02
1285,514,81,3,145.19
1286,514,41,1,61.98
1287,514,38,1,73.24
1288,515,15,2,41.15
1289,515,40,3,145.76
1290,516,77,3,79.96
1291,516,49,3,97.46
1292,517,11,3,143.54
1293,517,7,1,63.12
1294,518,47,3,61.52
1295,518,92,2,35.05
1296,518,54,2,145.2
1297,519,73,3,38.93
1298,519,45,1,47.58
1299,520,10,3,91.91
1300,520,87,3,114.63
1301,520,87,1,114.63
1302,521,95,2,131.52
1303,522,77,3,79.96
1304,522,92,3,35.05
1305,523,9,3,145.39
1306,523,37,2,97.23
1307,524,96,1,75.91
1308,524,91,3,115.67
1309,524,92,1,35.05
1310,525,71,3,54.14
1311,525,30,2,41.45
1312,525,52,1,81.09
1313,526,97,3,100.97
1314,526,77,1,79.96
1315,526,87,2,114.63
1316,527,27,1,115.45
1317,527,40,2,145.76
1318,528,32,1,84.15
1319,529,63,3,96.19
1320,529,43,3,118.32
1321,530,85,3,37.47
1322,531,2,2,81.7
1323,531,77,3,79.96
1324,531,10,1,91.91
1325,532,83,3,87.81
1326,532,31,3,90.4
1327,532,19,3,69.78
1328,533,86,3,105.78
1329,533,90,3,33.85
1330,534,52,2,81.09
1331,535,85,1,37.47
1332,536,73,2,38.93
1333,536,64,3,71.42
1334,537,96,2,75.91
1335,537,34,3,131.83
1336,537,26,1,98.67
1337,538,23,3,53.15
1338,539,48,1,91.96
1339,540,40,3,145.76
1340,540,70,3,60.41
1341,541,68,3,56.5
1342,542,91,3,115.67
1343,543,91,1,115.67
1344,543,38,1,73.24
1345,544,68,1,56.5
1346,544,79,2,52.26
1347,545,44,2,64.18
1348,546,21,2,108.65
1349,546,63,1,96.19
1350,547,37,3,97.23
1351,548,11,3,143.54
1352,549,43,3,118.32
1353,550,20,3,86.84
1354,550,11,3,143.54
1355,551,66,3,115.0
1356,551,82,3,82.02
1357,552,70,2,60.41
1358,552,57,2,122.09
1359,553,53,3,99.85
1360,553,36,1,145.2
1361,553,3,2,137.66
1362,554,6,2,69.72
1363,554,20,2,86.84
1364,554,72,2,121.61
1365,555,8,3,91.87
1366,555,51,2,83.69
1367,556,17,3,131.98
1368,556,100,2,79.64
1369,556,33,2,44.8
1370,557,7,3,63.12
1371,557,67,1,76.99
1372,557,4,2,144.54
1373,558,56,3,59.45
1374,558,7,3,63.12
1375,558,58,1,55.48
1376,559,18,3,137.4
1377,559,18,2,137.4
1378,560,83,1,87.81
1379,561,14,1,48.36
1380,562,72,3,121.61
1381,563,32,1,84.15
1382,564,11,2,143.54
1383,564,89,3,45.92
1384,565,35,3,114.59
1385,565,11,1,143.54
1386,566,57,3,122.09
1387,566,52,1,81.09
1388,566,49,1,97.46
1389,567,33,2,44.8
1390,567,52,1,81.09
1391,567,76,2,93.24
1392,568,70,2,60.41
1393,568,96,1,75.91
1394,568,77,2,79.96
1395,569,51,2,83.69
1396,569,25,1,106.35
1397,570,69,3,106.88
1398,570,37,3,97.23
1399,571,44,3,64.18
1400,571,86,1,105.78
1401,572,76,1,93.24
1402,573,57,1,122.09
1403,574,96,1,75.91
1404,574,88,2,104.11
1405,575,49,3,97.46
1406,576,8,3,91.87
1407,576,72,3,121.61
1408,576,41,2,61.98
1409,577,47,2,61.52
1410,577,28,3,69.01
1411,578,87,3,114.63
1412,578,6,2,69.72
1413,579,73,2,38.93
1414,580,59,3,140.41
1415,580,40,3,145.76
1416,581,98,3,60.75
1417,582,83,2,87.81
1418,583,41,3,61.98
1419,583,59,1,140.41
1420,584,63,3,96.19
1421,584,69,2,106.88
1422,585,48,3,91.96
1423,586,43,3,118.32
1424,586,38,1,73.24
1425,586,65,2,47.27
1426,587,41,2,61.98
1427,588,5,3,92.59
1428,588,70,3,60.41
1429,589,78,2,141.44
1430,589,33,3,44.8
1431,589,44,1,64.18
1432,590,69,1,106.88
1433,591,81,3,145.19
1434,591,90,3,33.85
1435,592,77,2,79.96
1436,593,22,2,115.85
1437,594,42,3,105.16
1438,594,68,2,56.5
1439,595,24,2,33.44
1440,595,61,1,48.64
1441,596,81,3,145.19
1442,596,87,2,114.63
1443,597,83,2,87.81
1444,598,93,3,84.92
1445,598,89,3,45.92
1446,599,27,1,115.45
1447,600,79,3,52.26
1448,600,42,3,105.16
1449,601,8,2,91.87
1450,601,75,1,109.04
1451,601,37,2,97.23
1452,602,63,2,96.19
1453,602,12,3,41.44
1454,602,58,2,55.48
1455,603,93,1,84.92
1456,604,44,2,64.18
1457,605,26,1,98.67
1458,605,11,2,143.54
1459,606,98,1,60.75
1460,606,3,3,137.66
1461,607,37,3,97.23
1462,607,52,3,81.09
1463,607,51,2,83.69
1464,608,13,2,79.63
1465,608,67,3,76.99
1466,609,51,2,83.69
1467,610,1,2,96.22
1468,611,50,2,75.01
1469,612,78,3,141.44
1470,612,47,2,61.52
1471,613,18,1,137.4
1472,614,23,2,53.15
1473,614,46,1,148.4
1474,615,74,3,132.42
1475,615,40,1,145.76
1476,615,60,3,72.34
1477,616,36,2,145.2
1478,616,4,2,144.54
1479,616,46,3,148.4
1480,617,5,3,92.59
1481,617,15,2,41.15
1482,617,31,3,90.4
1483,618,12,3,41.44
1484,619,86,2,105.78
1485,619,46,2,148.4
1486,620,88,2,104.11
1487,620,14,1,48.36
1488,620,62,1,57.15
1489,621,17,3,131.98
1490,621,75,2,109.04
1491,622,59,3,140.41
1492,622,23,2,53.15
1493,622,23,2,53.15
1494,623,74,3,132.42
1495,624,26,3,98.67
1496,624,31,2,90.4
1497,624,31,3,90.4
1498,625,54,1,145.2
1499,625,94,3,105.12
1500,626,71,2,54.14
1501,627,86,2,105.78
1502,628,24,1,33.44
1503,628,98,1,60.75
1504,629,12,1,41.44
1505,629,30,1,41.45
1506,629,18,3,137.4
1507,630,51,1,83.69
1508,630,97,2,100.97
1509,631,42,1,105.16
1510,632,77,1,79.96
1511,632,90,3,33.85
1512,632,22,1,115.85
1513,633,81,1,145.19
1514,633,18,3,137.4
1515,634,24,2,33.44
1516,635,57,1,122.09
1517,635,45,3,47.58
1518,636,19,2,69.78
1519,636,84,3,50.94
1520,636,83,3,87.81
1521,637,37,3,97.23
1522,638,62,3,57.15
1523,638,65,3,47.27
1524,638,44,3,64.18
1525,639,76,1,93.24
1526,639,61,1,48.64
1527,640,67,2,76.99
1528,640,73,2,38.93
1529,641,88,3,104.11
1530,642,35,3,114.59
1531,643,15,1,41.15
1532,644,1,3,96.22
1533,645,89,3,45.92
1534,645,56,2,59.45
1535,646,74,1,132.42
1536,647,92,1,35.05
1537,647,25,2,106.35
1538,648,33,1,44.8
1539,648,2,1,81.7
1540,648,87,1,114.63
1541,649,8,3,91.87
1542,649,19,2,69.78
1543,650,97,3,100.97
1544,650,44,2,64.18
1545,650,7,1,63.12
1546,651,94,1,105.12
1547,652,21,3,108.65
1548,652,4,1,144.54
1549,652,32,3,84.15
1550,653,48,2,91.96
1551,653,55,1,123.21
1552,653,33,3,44.8
1553,654,35,2,114.59
1554,655,71,3,54.14
1555,656,90,3,33.85
1556,657,75,3,109.04
1557,657,10,2,91.91
1558,658,40,2,145.76
1559,658,73,3,38.93
1560,659,5,1,92.59
1561,659,54,2,145.2
1562,660,59,3,140.41
1563,661,20,3,86.84
1564,662,91,1,115.67
1565,662,72,2,121.61
1566,663,96,3,75.91
1567,663,74,2,132.42
1568,664,69,1,106.88
1569,664,68,3,56.5
1570,665,24,3,33.44
1571,665,87,2,114.63
1572,665,85,3,37.47
1573,666,14,3,48.36
1574,666,70,3,60.41
1575,666,48,3,91.96
1576,667,57,2,122.09
1577,667,6,2,69.72
1578,667,27,3,115.45
1579,668,66,2,115.0
1580,669,47,3,61.52
1581,669,64,2,71.42
1582,670,5,3,92.59
1583,671,17,3,131.98
1584,672,4,2,144.54
1585,672,88,2,104.11
1586,672,86,2,105.78
1587,673,29,3,48.71
1588,673,28,1,69.01
1589,673,2,3,81.7
1590,674,31,3,90.4
1591,674,69,1,106.88
1592,675,61,2,48.64
1593,675,77,1,79.96
1594,676,54,3,145.2
1595,676,74,1,132.42
1596,677,91,1,115.67
1597,677,75,3,109.04
1598,677,73,3,38.93
1599,678,100,3,79.64
1600,678,43,2,118.32
1601,678,35,1,114.59
1602,679,52,2,81.09
1603,679,85,2,37.47
1604,680,59,1,140.41
1605,680,84,1,50.94
1606,680,81,3,145.19
1607,681,42,2,105.16
1608,681,43,3,118.32
1609,682,47,3,61.52
1610,683,44,3,64.18
1611,683,32,1,84.15
1612,683,21,3,108.65
1613,684,58,3,55.48
1614,685,99,1,100.55
1615,685,5,3,92.59
1616,686,12,1,41.44
1617,686,73,1,38.93
1618,687,49,3,97.46
1619,687,88,3,104.11
1620,687,91,2,115.67
1621,688,60,3,72.34
1622,688,48,3,91.96
1623,688,39,1,147.76
1624,689,25,3,106.35
1625,689,52,2,81.09
1626,690,39,3,147.76
1627,691,56,2,59.45
1628,692,46,3,148.4
1629,692,14,1,48.36
1630,693,13,3,79.63
1631,693,47,2,61.52
1632,693,77,1,79.96
1633,694,34,3,131.83
1634,694,48,2,91.96
1635,695,44,3,64.18
1636,695,90,1,33.85
1637,695,57,3,122.09
1638,696,51,3,83.69
1639,697,52,3,81.09
1640,698,66,3,115.0
1641,699,92,3,35.05
1642,699,97,1,100.97
1643,699,52,1,81.09
1644,700,94,3,105.12
1645,701,2,1,81.7
1646,701,28,1,69.01
1647,702,66,1,115.0
1648,702,3,2,137.66
1649,702,75,1,109.04
1650,703,11,3,143.54
1651,703,37,1,97.23
1652,703,58,1,55.48
1653,704,85,2,37.47
1654,705,15,1,41.15
1655,706,97,1,100.97
1656,706,77,1,79.96
1657,706,45,2,47.58
1658,707,19,3,69.78
1659,708,44,3,64.18
1660,708,92,2,35.05
1661,709,74,3,132.42
1662,709,9,2,145.39
1663,710,48,3,91.96
1664,710,72,2,121.61
1665,711,44,3,64.18
1666,712,76,3,93.24
1667,712,78,1,141.44
1668,713,30,3,41.45
1669,714,65,2,47.27
1670,715,34,1,131.83
1671,715,29,3,48.71
1672,715,8,1,91.87
1673,716,66,1,115.0
1674,716,51,2,83.69
1675,717,10,1,91.91
1676,717,89,2,45.92
1677,718,74,1,132.42
1678,718,53,2,99.85
1679,719,15,1,41.15
1680,719,54,1,145.2
1681,720,62,2,57.15
1682,720,6,3,69.72
1683,721,7,1,63.12
1684,721,61,3,48.64
1685,721,31,1,90.4
1686,722,97,1,100.97
1687,723,45,3,47.58
1688,724,38,2,73.24
1689,724,32,1,84.15
1690,724,95,3,131.52
1691,725,86,3,105.78
1692,725,67,2,76.99
1693,726,11,3,143.54
1694,726,13,1,79.63
1695,726,77,3,79.96
1696,727,82,1,82.02
1697,728,98,1,60.75
1698,729,3,2,137.66
1699,729,93,2,84.92
1700,730,86,2,105.78
1701,730,90,3,33.85
1702,731,38,1,73.24
1703,731,11,2,143.54
1704,731,63,3,96.19
1705,732,75,3,109.04
1706,732,38,1,73.24
1707,733,59,2,140.41
1708,733,84,3,50.94
1709,734,57,1,122.09
1710,735,35,1,114.59
1711,735,5,3,92.59
1712,735,29,1,48.71
1713,736,52,3,81.09
1714,736,17,1,131.98
1715,737,50,2,75.01
1716,737,10,1,91.91
1717,737,33,2,44.8
1718,738,86,1,105.78
1719,739,4,1,144.54
1720,739,54,3,145.2
1721,740,37,2,97.23
1722,741,83,1,87.81
1723,741,22,3,115.85
1724,742,93,1,84.92
1725,742,96,1,75.91
1726,743,12,3,41.44
1727,743,32,1,84.15
1728,743,62,2,57.15
1729,744,58,2,55.48
1730,744,99,1,100.55
1731,745,92,3,35.05
1732,745,45,2,47.58
1733,745,68,1,56.5
1734,746,25,1,106.35
1735,747,26,1,98.67
1736,748,98,2,60.75
1737,748,57,3,122.09
1738,748,30,3,41.45
1739,749,16,1,95.84
1740,750,40,2,145.76
1741,750,97,1,100.97
1742,750,82,2,82.02
1743,751,75,2,109.04
1744,751,45,2,47.58
1745,751,32,1,84.15
1746,752,95,3,131.52
1747,752,11,3,143.54
1748,752,16,1,95.84
1749,753,83,1,87.81
1750,754,13,2,79.63
1751,755,54,1,145.2
1752,755,80,1,70.8
1753,756,49,2,97.46
1754,756,98,1,60.75
1755,756,6,2,69.72
1756,757,59,3,140.41
1757,757,90,3,33.85
1758,757,10,2,91.91
1759,758,36,2,145.2
1760,758,100,1,79.64
1761,758,47,1,61.52
1762,759,69,3,106.88
1763,759,63,1,96.19
1764,760,39,2,147.76
1765,761,14,3,48.36
1766,762,100,1,79.64
1767,763,54,3,145.2
1768,763,22,1,115.85
1769,764,89,3,45.92
1770,764,37,1,97.23
1771,764,87,3,114.63
1772,765,94,3,105.12
1773,766,97,1,100.97
1774,766,24,2,33.44
1775,767,75,3,109.04
1776,767,53,3,99.85
1777,768,45,2,47.58
1778,769,39,3,147.76
1779,769,83,1,87.81
1780,770,23,3,53.15
1781,770,17,2,131.98
1782,771,73,3,38.93
1783,771,80,2,70.8
1784,771,11,1,143.54
1785,772,1,1,96.22
1786,772,66,1,115.0
1787,772,59,1,140.41
1788,773,94,3,105.12
1789,774,13,3,79.63
1790,774,98,1,60.75
1791,775,46,1,148.4
1792,775,4,3,144.54
1793,776,24,1,33.44
1794,777,81,2,145.19
1795,777,49,3,97.46
1796,777,39,3,147.76
1797,778,1,2,96.22
1798,779,94,3,105.12
1799,780,13,2,79.63
1800,781,22,3,115.85
1801,781,60,1,72.34
1802,782,44,3,64.18
1803,783,69,3,106.88
1804,783,44,2,64.18
1805,783,71,3,54.14
1806,784,69,3,106.88
1807,785,64,2,71.42
1808,786,49,3,97.46
1809,786,70,3,60.41
1810,786,76,2,93.24
1811,787,44,1,64.18
1812,787,18,1,137.4
1813,788,9,1,145.39
1814,789,82,3,82.02
1815,789,14,1,48.36
1816,789,47,2,61.52
1817,790,59,3,140.41
1818,791,35,2,114.59
1819,791,66,1,115.0
1820,792,80,3,70.8
1821,792,17,2,131.98
1822,792,61,3,48.64
1823,793,46,1,148.4
1824,793,45,1,47.58
1825,793,47,3,61.52
1826,794,95,1,131.52
1827,794,3,2,137.66
1828,795,88,3,104.11
1829,795,6,2,69.72
1830,796,78,3,141.44
1831,796,73,1,38.93
1832,797,88,1,104.11
1833,797,73,1,38.93
1834,797,42,3,105.16
1835,798,31,3,90.4
1836,798,92,1,35.05
1837,798,53,2,99.85
1838,799,97,3,100.97
1839,799,45,3,47.58
1840,799,34,1,131.83
1841,800,21,2,108.65
1842,801,53,1,99.85
1843,801,51,3,83.69
1844,802,64,1,71.42
1845,802,26,1,98.67
1846,802,63,1,96.19
1847,803,35,2,114.59
1848,803,63,2,96.19
1849,803,17,2,131.98
1850,804,20,1,86.84
1851,804,34,3,131.83
1852,805,87,3,114.63
1853,806,54,3,145.2
1854,806,51,1,83.69
1855,806,34,2,131.83
1856,807,80,3,70.8
1857,807,79,1,52.26
1858,808,92,3,35.05
1859,808,65,1,47.27
1860,809,19,3,69.78
1861,809,43,1,118.32
1862,810,80,3,70.8
1863,810,43,2,118.32
1864,810,5,1,92.59
1865,811,55,1,123.21
1866,811,27,1,115.45
1867,812,87,2,114.63
1868,812,68,2,56.5
1869,812,48,1,91.96
1870,813,47,1,61.52
1871,814,24,3,33.44
1872,814,56,3,59.45
1873,814,48,3,91.96
1874,815,83,3,87.81
1875,816,71,2,54.14
1876,817,81,3,145.19
1877,817,49,1,97.46
1878,817,8,2,91.87
1879,818,77,3,79.96
1880,818,62,1,57.15
1881,818,69,2,106.88
1882,819,97,1,100.97
1883,819,80,3,70.8
1884,819,43,3,118.32
1885,820,18,2,137.4
1886,821,95,1,131.52
1887,821,53,2,99.85
1888,822,6,1,69.72
1889,822,61,2,48.64
1890,823,47,3,61.52
1891,823,32,1,84.15
1892,823,2,1,81.7
1893,824,26,2,98.67
1894,825,16,3,95.84
1895,825,45,3,47.58
1896,825,92,1,35.05
1897,826,47,3,61.52
1898,826,39,1,147.76
1899,826,59,2,140.41
1900,827,67,3,76.99
1901,827,65,2,47.27
1902,827,14,1,48.36
1903,828,67,2,76.99
1904,828,35,2,114.59
1905,828,37,1,97.23
1906,829,19,2,69.78
1907,829,41,1,61.98
1908,829,61,1,48.64
1909,830,79,1,52.26
1910,830,60,3,72.34
1911,830,31,2,90.4
1912,831,47,1,61.52
1913,831,43,1,118.32
1914,832,53,2,99.85
1915,833,78,2,141.44
1916,833,46,2,148.4
1917,834,62,1,57.15
1918,834,88,3,104.11
1919,835,12,3,41.44
1920,835,97,3,100.97
1921,835,96,3,75.91
1922,836,36,3,145.2
1923,836,75,2,109.04
1924,837,9,1,145.39
1925,838,19,1,69.78
1926,839,40,3,145.76
1927,839,8,2,91.87
1928,839,28,3,69.01
1929,840,77,3,79.96
1930,840,6,1,69.72
1931,841,54,3,145.2
1932,841,65,1,47.27
1933,841,98,2,60.75
1934,842,64,1,71.42
1935,843,89,2,45.92
1936,843,3,3,137.66
1937,843,99,3,100.55
1938,844,39,1,147.76
1939,845,12,1,41.44
1940,845,65,2,47.27
1941,846,88,3,104.11
1942,846,48,2,91.96
1943,847,22,3,115.85
1944,848,80,2,70.8
1945,848,80,3,70.8
1946,849,62,3,57.15
1947,849,4,3,144.54
1948,849,42,2,105.16
1949,850,5,3,92.59
1950,851,47,1,61.52
1951,852,23,2,53.15
1952,852,100,1,79.64
1953,852,68,1,56.5
1954,853,21,1,108.65
1955,853,30,2,41.45
1956,854,81,3,145.19
1957,855,32,3,84.15
1958,855,86,3,105.78
1959,856,81,1,145.19
1960,856,8,1,91.87
1961,856,44,3,64.18
1962,857,86,1,105.78
1963,858,8,1,91.87
1964,858,11,3,143.54
1965,859,97,2,100.97
1966,859,81,3,145.19
1967,859,85,3,37.47
1968,860,14,1,48.36
1969,860,100,2,79.64
1970,861,50,3,75.01
1971,861,37,3,97.23
1972,862,100,1,79.64
1973,863,64,3,71.42
1974,863,81,3,145.19
1975,863,92,1,35.05
1976,864,24,1,33.44
1977,864,1,3,96.22
1978,865,79,1,52.26
1979,865,34,3,131.83
1980,866,89,2,45.92
1981,866,89,2,45.92
1982,866,69,1,106.88
1983,867,94,2,105.12
1984,868,25,2,106.35
1985,868,9,3,145.39
1986,868,75,2,109.04
1987,869,43,2,118.32
1988,869,100,1,79.64
1989,870,74,2,132.42
1990,870,32,2,84.15
1991,870,79,2,52.26
1992,871,69,1,106.88
1993,871,96,1,75.91
1994,871,35,1,114.59
1995,872,30,3,41.45
1996,873,14,3,48.36
1997,874,90,3,33.85
1998,875,37,1,97.23
1999,875,49,1,97.46
2000,876,97,3,100.97
2001,877,93,3,84.92
2002,878,74,2,132.42
2003,878,36,2,145.2
2004,878,2,3,81.7
2005,879,86,2,105.78
2006,879,18,2,137.4
2007,879,9,1,145.39
2008,880,61,3,48.64
2009,881,5,2,92.59
2010,881,66,2,115.0
2011,882,22,1,115.85
2012,882,19,3,69.78
2013,883,23,3,53.15
2014,883,96,3,75.91
2015,883,56,1,59.45
2016,884,70,2,60.41
2017,884,77,2,79.96
2018,885,33,1,44.8
2019,886,82,1,82.02
2020,887,81,3,145.19
2021,887,55,1,123.21
2022,888,43,3,118.32
2023,889,33,2,44.8
2024,889,38,1,73.24
2025,890,75,2,109.04
2026,890,24,2,33.44
2027,891,12,3,41.44
2028,891,74,2,132.42
2029,891,67,1,76.99
2030,892,46,2,148.4
2031,893,72,2,121.61
2032,893,88,2,104.11
2033,893,83,1,87.81
2034,894,3,3,137.66
2035,894,28,1,69.01
2036,894,38,2,73.24
2037,895,26,3,98.67
2038,896,88,2,104.11
2039,896,91,1,115.67
2040,897,75,1,109.04
2041,897,84,2,50.94
2042,897,11,2,143.54
2043,898,45,1,47.58
2044,898,3,2,137.66
2045,899,36,3,145.2
2046,900,75,1,109.04
2047,900,42,3,105.16
2048,901,70,1,60.41
2049,902,17,1,131.98
2050,902,22,1,115.85
2051,902,11,3,143.54
2052,903,43,3,118.32
2053,903,83,1,87.81
2054,904,33,2,44.8
2055,904,8,2,91.87
2056,904,19,1,69.78
2057,905,16,3,95.84
2058,905,93,3,84.92
2059,905,46,2,148.4
2060,906,27,1,115.45
2061,906,60,1,72.34
2062,906,88,1,104.11
2063,907,62,1,57.15
2064,908,98,3,60.75
2065,909,75,3,109.04
2066,909,40,1,145.76
2067,910,14,2,48.36
2068,910,32,1,84.15
2069,911,75,1,109.04
2070,912,49,1,97.46
2071,912,4,2,144.54
2072,912,15,2,41.15
2073,913,70,3,60.41
2074,914,10,3,91.91
2075,914,17,1,131.98
2076,914,23,1,53.15
2077,915,8,1,91.87
2078,915,99,1,100.55
2079,916,12,1,41.44
2080,916,13,3,79.63
2081,916,20,3,86.84
2082,917,27,2,115.45
2083,917,31,2,90.4
2084,917,96,3,75.91
2085,918,19,3,69.78
2086,918,82,2,82.02
2087,919,58,3,55.48
2088,920,63,2,96.19
2089,920,96,3,75.91
2090,921,40,2,145.76
2091,921,87,3,114.63
2092,921,91,2,115.67
2093,922,30,3,41.45
2094,922,13,1,79.63
2095,923,56,1,59.45
2096,924,24,1,33.44
2097,924,37,2,97.23
2098,925,35,3,114.59
2099,925,83,1,87.81
2100,926,55,3,123.21
2101,927,57,1,122.09
2102,927,83,2,87.81
2103,927,43,1,118.32
2104,928,25,2,106.35
2105,929,80,3,70.8
2106,929,17,2,131.98
2107,930,79,1,52.26
2108,930,95,2,131.52
2109,931,98,3,60.75
2110,931,17,1,131.98
2111,931,91,3,115.67
2112,932,24,1,33.44
2113,932,42,1,105.16
2114,932,19,3,69.78
2115,933,25,2,106.35
2116,934,4,2,144.54
2117,934,88,1,104.11
2118,934,8,1,91.87
2119,935,16,1,95.84
2120,935,10,1,91.91
2121,935,87,1,114.63
2122,936,32,2,84.15
2123,936,49,1,97.46
2124,936,41,3,61.98
2125,937,74,3,132.42
2126,938,99,3,100.55
2127,938,55,3,123.21
2128,939,48,1,91.96
2129,940,42,2,105.16
2130,940,76,2,93.24
2131,940,93,3,84.92
2132,941,26,2,98.67
2133,941,75,2,109.04
2134,942,68,1,56.5
2135,943,1,1,96.22
2136,943,94,1,105.12
2137,943,38,2,73.24
2138,944,89,2,45.92
2139,944,71,2,54.14
2140,944,61,1,48.64
2141,945,47,2,61.52
2142,945,16,1,95.84
2143,945,16,2,95.84
2144,946,64,2,71.42
2145,947,57,3,122.09
2146,947,67,1,76.99
2147,948,100,3,79.64
2148,948,51,2,83.69
2149,948,86,1,105.78
2150,949,5,2,92.59
2151,950,29,3,48.71
2152,951,83,2,87.81
2153,952,81,2,145.19
2154,953,54,2,145.2
2155,953,45,3,47.58
2156,954,9,2,145.39
2157,954,54,2,145.2
2158,954,53,2,99.85
2159,955,24,2,33.44
2160,956,12,1,41.44
2161,956,92,1,35.05
2162,957,84,2,50.94
2163,957,5,3,92.59
2164,958,71,2,54.14
2165,959,44,1,64.18
2166,959,27,2,115.45
2167,959,24,2,33.44
2168,960,52,1,81.09
2169,961,23,2,53.15
2170,961,51,2,83.69
2171,961,83,3,87.81
2172,962,56,1,59.45
2173,962,20,2,86.84
2174,962,5,3,92.59
2175,963,1,2,96.22
2176,964,70,2,60.41
2177,965,6,3,69.72
2178,966,3,3,137.66
2179,967,77,3,79.96
2180,967,90,2,33.85
2181,967,60,1,72.34
2182,968,73,2,38.93
2183,968,76,3,93.24
2184,969,42,2,105.16
2185,969,86,3,105.78
2186,970,23,2,53.15
2187,970,58,1,55.48
2188,970,31,3,90.4
2189,971,44,2,64.18
2190,971,57,3,122.09
2191,972,51,1,83.69
2192,972,32,2,84.15
2193,972,93,2,84.92
2194,973,89,1,45.92
2195,974,79,3,52.26
2196,975,88,3,104.11
2197,976,75,1,109.04
2198,976,39,2,147.76
2199,977,36,2,145.2
2200,977,16,2,95.84
2201,978,90,3,33.85
2202,979,92,1,35.05
2203,979,91,2,115.67
2204,979,68,1,56.5
2205,980,69,3,106.88
2206,980,26,2,98.67
2207,980,14,1,48.36
2208,981,28,1,69.01
2209,982,57,1,122.09
2210,982,49,3,97.46
2211,983,39,3,147.76
2212,983,7,2,63.12
2213,984,39,2,147.76
2214,984,55,1,123.21
2215,984,51,1,83.69
2216,985,28,2,69.01
2217,985,67,3,76.99
2218,986,82,3,82.02
2219,987,48,3,91.96
2220,987,96,2,75.91
2221,987,43,1,118.32
2222,988,33,3,44.8
2223,989,50,3,75.01
2224,989,22,2,115.85
2225,990,36,2,145.2
2226,990,46,3,148.4
2227,990,44,2,64.18
2228,991,57,2,122.09
2229,991,75,3,109.04
2230,991,90,1,33.85
2231,992,62,3,57.15
2232,992,69,1,106.88
2233,992,35,1,114.59
2234,993,86,3,105.78
2235,994,36,1,145.2
2236,995,80,1,70.8
2237,996,53,1,99.85
2238,996,93,1,84.92
2239,997,38,2,73.24
2240,997,43,2,118.32
2241,998,90,2,33.85
2242,998,90,2,33.85
2243,998,92,2,35.05
2244,999,76,1,93.24
2245,999,1,3,96.22
2246,999,23,3,53.15
2247,1000,18,1,137.4
2248,1000,54,2,145.2
2249,1000,23,1,53.15
2250,1001,32,2,84.15
2251,1002,20,3,86.84
2252,1003,95,3,131.52
2253,1003,86,1,105.78
2254,1003,25,2,106.35
2255,1004,35,1,114.59
2256,1004,16,2,95.84
2257,1004,13,3,79.63
2258,1005,63,3,96.19
2259,1005,14,2,48.36
2260,1006,34,1,131.83
2261,1006,26,1,98.67
2262,1006,44,2,64.18
2263,1007,84,1,50.94
2264,1007,53,2,99.85
2265,1008,64,2,71.42
2266,1009,18,2,137.4
2267,1010,56,1,59.45
2268,1010,19,1,69.78
2269,1011,69,3,106.88
2270,1011,70,1,60.41
2271,1012,62,2,57.15
2272,1012,15,2,41.15
2273,1013,84,2,50.94
2274,1014,54,3,145.2
2275,1015,18,3,137.4
2276,1016,23,1,53.15
2277,1016,47,2,61.52
2278,1017,51,3,83.69
2279,1017,98,1,60.75
2280,1018,44,2,64.18
2281,1018,68,2,56.5
2282,1018,48,2,91.96
2283,1019,91,3,115.67
2284,1019,39,2,147.76
2285,1020,67,1,76.99
2286,1020,4,3,144.54
2287,1021,37,2,97.23
2288,1021,46,1,148.4
2289,1022,88,3,104.11
2290,1022,45,2,47.58
2291,1022,21,2,108.65
2292,1023,9,1,145.39
2293,1023,90,3,33.85
2294,1024,84,2,50.94
2295,1024,45,2,47.58
2296,1024,90,3,33.85
2297,1025,59,1,140.41
2298,1025,1,2,96.22
2299,1026,54,1,145.2
2300,1026,17,3,131.98
2301,1026,74,1,132.42
2302,1027,34,1,131.83
2303,1028,3,1,137.66
2304,1028,2,2,81.7
2305,1028,45,2,47.58
2306,1029,66,3,115.0
2307,1030,98,3,60.75
2308,1030,49,1,97.46
2309,1031,18,2,137.4
2310,1032,7,3,63.12
2311,1032,8,3,91.87
2312,1032,24,2,33.44
2313,1033,48,2,91.96
2314,1033,77,3,79.96
2315,1034,29,1,48.71
2316,1035,1,2,96.22
2317,1036,6,2,69.72
2318,1036,74,1,132.42
2319,1037,85,1,37.47
2320,1037,21,3,108.65
2321,1038,85,3,37.47
2322,1038,85,2,37.47
2323,1039,99,3,100.55
2324,1040,94,2,105.12
2325,1040,68,2,56.5
2326,1040,43,3,118.32
2327,1041,93,3,84.92
2328,1041,17,1,131.98
2329,1042,69,2,106.88
2330,1043,11,3,143.54
2331,1043,22,3,115.85
2332,1043,40,1,145.76
2333,1044,67,1,76.99
2334,1045,93,3,84.92
2335,1045,73,2,38.93
2336,1045,77,2,79.96
2337,1046,81,3,145.19
2338,1046,32,1,84.15
2339,1046,53,1,99.85
2340,1047,17,1,131.98
2341,1047,54,1,145.2
2342,1048,70,1,60.41
2343,1049,75,3,109.04
2344,1049,83,1,87.81
2345,1050,51,3,83.69
2346,1050,56,3,59.45
2347,1051,42,3,105.16
2348,1052,69,1,106.88
2349,1053,98,1,60.75
2350,1053,14,1,48.36
2351,1053,74,2,132.42
2352,1054,22,2,115.85
2353,1054,95,2,131.52
2354,1055,46,3,148.4
2355,1055,36,3,145.2
2356,1056,16,2,95.84
2357,1056,5,1,92.59
2358,1056,69,1,106.88
2359,1057,59,2,140.41
2360,1058,29,3,48.71
2361,1059,73,1,38.93
2362,1059,93,3,84.92
2363,1060,82,2,82.02
2364,1060,97,3,100.97
2365,1060,87,2,114.63
2366,1061,56,3,59.45
2367,1061,97,1,100.97
2368,1061,4,3,144.54
2369,1062,83,2,87.81
2370,1062,5,1,92.59
2371,1063,51,2,83.69
2372,1064,37,3,97.23
2373,1064,23,1,53.15
2374,1065,68,2,56.5
2375,1065,82,1,82.02
2376,1065,67,3,76.99
2377,1066,11,3,143.54
2378,1067,93,1,84.92
2379,1067,48,1,91.96
2380,1067,92,3,35.05
2381,1068,66,2,115.0
2382,1068,92,3,35.05
2383,1068,11,1,143.54
2384,1069,27,2,115.45
2385,1069,28,2,69.01
2386,1069,60,1,72.34
2387,1070,76,1,93.24
2388,1070,92,3,35.05
2389,1070,74,1,132.42
2390,1071,16,1,95.84
2391,1071,41,1,61.98
2392,1071,40,2,145.76
2393,1072,12,2,41.44
2394,1072,11,3,143.54
2395,1073,37,3,97.23
2396,1073,76,3,93.24
2397,1073,84,2,50.94
2398,1074,72,3,121.61
2399,1074,86,3,105.78
2400,1074,10,2,91.91
2401,1075,32,3,84.15
2402,1075,60,1,72.34
2403,1076,40,1,145.76
2404,1077,81,1,145.19
2405,1077,23,3,53.15
2406,1078,95,2,131.52
2407,1078,2,1,81.7
2408,1079,56,1,59.45
2409,1080,2,2,81.7
2410,1080,2,2,81.7
2411,1081,35,2,114.59
2412,1081,48,2,91.96
2413,1082,2,3,81.7
2414,1083,66,3,115.0
2415,1084,19,1,69.78
2416,1085,92,3,35.05
2417,1085,40,1,145.76
2418,1086,37,3,97.23
2419,1086,14,3,48.36
2420,1087,28,1,69.01
2421,1087,89,1,45.92
2422,1087,57,3,122.09
2423,1088,89,2,45.92
2424,1088,77,3,79.96
2425,1089,49,2,97.46
2426,1089,25,3,106.35
2427,1090,41,1,61.98
2428,1090,12,1,41.44
2429,1091,55,3,123.21
2430,1091,48,1,91.96
2431,1092,91,1,115.67
2432,1093,56,1,59.45
2433,1093,32,3,84.15
2434,1093,17,2,131.98
2435,1094,89,2,45.92
2436,1094,95,1,131.52
2437,1095,66,1,115.0
2438,1095,47,1,61.52
2439,1095,54,3,145.2
2440,1096,61,2,48.64
2441,1096,23,1,53.15
2442,1097,65,1,47.27
2443,1097,5,3,92.59
2444,1097,22,3,115.85
2445,1098,91,1,115.67
2446,1099,54,3,145.2
2447,1099,28,2,69.01
2448,1100,62,1,57.15
2449,1100,34,1,131.83
2450,1101,61,3,48.64
2451,1101,19,1,69.78
2452,1101,42,3,105.16
2453,1102,65,2,47.27
2454,1102,3,3,137.66
2455,1103,52,1,81.09
2456,1104,81,3,145.19
2457,1105,20,3,86.84
2458,1105,25,1,106.35
2459,1106,47,2,61.52
2460,1106,58,3,55.48
2461,1106,76,2,93.24
2462,1107,58,3,55.48
2463,1107,2,3,81.7
2464,1108,64,2,71.42
2465,1108,54,2,145.2
2466,1109,6,2,69.72
2467,1110,90,1,33.85
2468,1110,21,3,108.65
2469,1110,51,2,83.69
2470,1111,48,1,91.96
2471,1111,49,1,97.46
2472,1112,53,3,99.85
2473,1112,92,3,35.05
2474,1112,96,3,75.91
2475,1113,12,2,41.44
2476,1114,71,1,54.14
2477,1115,60,2,72.34
2478,1115,37,2,97.23
2479,1115,79,3,52.26
